   2   1   1   0  6.26827460E+08
   3   1   1   0  1.67342255E+08
   4   1   1   0  6.82230902E+07
   5   1   1   0  3.43936812E+07
   6   1   1   0  1.97388742E+07
   7   1   1   0  1.23684949E+07
   8   1   1   0  8.25925655E+06
   9   1   1   0  5.78796475E+06
  10   1   1   0  4.21278825E+06
  11   1   1   0  3.16144984E+06
  12   1   1   0  2.43296949E+06
  13   1   1   0  1.91228117E+06
  14   1   1   0  1.53024475E+06
  15   1   1   0  1.24359874E+06
  16   1   1   0  1.02432525E+06
  17   1   1   0  8.53732123E+05
  18   1   1   0  7.19022410E+05
  19   1   1   0  6.11233825E+05
  20   1   1   0  5.23962092E+05
  21   1   1   0  4.52547920E+05
  22   1   1   0  3.93546456E+05
  23   1   1   0  3.44373392E+05
  24   1   1   0  3.03064216E+05
  25   1   1   0  2.68107477E+05
  26   1   1   0  2.38327373E+05
  27   1   1   0  2.12799953E+05
  28   1   1   0  1.90792302E+05
  29   1   1   0  1.71718033E+05
  30   1   1   0  1.55104202E+05
   2   0   2   1  2.74112174E-08
   3   1   2   0  2.24605955E+07
   4   1   2   0  9.67333225E+06
   5   1   2   0  4.95100783E+06
   6   1   2   0  2.85987641E+06
   7   1   2   0  1.79814366E+06
   8   1   2   0  1.20319061E+06
   9   1   2   0  8.44295177E+05
  10   1   2   0  6.15083173E+05
  11   1   2   0  4.61886530E+05
  12   1   2   0  3.55629508E+05
  13   1   2   0  2.79624566E+05
  14   1   2   0  2.23826630E+05
  15   1   2   0  1.81941924E+05
  16   1   2   0  1.49890083E+05
  17   1   2   0  1.24946637E+05
  18   1   2   0  1.05245122E+05
  19   1   2   0  8.94776577E+04
  20   1   2   0  7.67092323E+04
  21   1   2   0  6.62593407E+04
  22   1   2   0  5.76246883E+04
  23   1   2   0  5.04276020E+04
  24   1   2   0  4.43809180E+04
  25   1   2   0  3.92636534E+04
  26   1   2   0  3.49038679E+04
  27   1   2   0  3.11664284E+04
  28   1   2   0  2.79441267E+04
  29   1   2   0  2.51511778E+04
  30   1   2   0  2.27183847E+04
   3   0   2   1  6.31683471E+06
   3   0   3   1  3.99707838E-09
   4   1   3   0  3.06681472E+06
   5   1   3   0  1.63861290E+06
   6   1   3   0  9.55611609E+05
   7   1   3   0  6.02870524E+05
   8   1   3   0  4.04007021E+05
   9   1   3   0  2.83718754E+05
  10   1   3   0  2.06786625E+05
  11   1   3   0  1.55326201E+05
  12   1   3   0  1.19615288E+05
  13   1   3   0  9.40630432E+04
  14   1   3   0  7.52999555E+04
  15   1   3   0  6.12131578E+04
  16   1   3   0  5.04320889E+04
  17   1   3   0  4.20412639E+04
  18   1   3   0  3.54133284E+04
  19   1   3   0  3.01085828E+04
  20   1   3   0  2.58126319E+04
  21   1   3   0  2.22966271E+04
  22   1   3   0  1.93912970E+04
  23   1   3   0  1.69696092E+04
  24   1   3   0  1.49349679E+04
  25   1   3   0  1.32130350E+04
  26   1   3   0  1.17459674E+04
  27   1   3   0  1.04883024E+04
  28   1   3   0  9.40397103E+03
  29   1   3   0  8.46411089E+03
  30   1   3   0  7.64544010E+03
   4   0   2   1  2.57948413E+06
   4   0   3   1  1.83637858E+06
   4   0   4   1  9.60610321E-10
   5   1   4   0  7.37594565E+05
   6   1   4   0  4.45866181E+05
   7   1   4   0  2.82958218E+05
   8   1   4   0  1.89850544E+05
   9   1   4   0  1.33337000E+05
  10   1   4   0  9.71621319E+04
  11   1   4   0  7.29632229E+04
  12   1   4   0  5.61738214E+04
  13   1   4   0  4.41637831E+04
  14   1   4   0  3.53472228E+04
  15   1   4   0  2.87296996E+04
  16   1   4   0  2.36662660E+04
  17   1   4   0  1.97262320E+04
  18   1   4   0  1.66145406E+04
  19   1   4   0  1.41244485E+04
  20   1   4   0  1.21081669E+04
  21   1   4   0  1.04581456E+04
  22   1   4   0  9.09485020E+03
  23   1   4   0  7.95860421E+03
  24   1   4   0  7.00403741E+03
  25   1   4   0  6.19623917E+03
  26   1   4   0  5.50804909E+03
  27   1   4   0  4.91812277E+03
  28   1   4   0  4.40952796E+03
  29   1   4   0  3.96871692E+03
  30   1   4   0  3.58476237E+03
   5   0   2   1  1.28929175E+06
   5   0   3   1  9.05162226E+05
   5   0   4   1  6.45409592E+05
   5   0   5   1  3.14252158E-10
   6   1   5   0  2.43091125E+05
   7   1   5   0  1.59174830E+05
   8   1   5   0  1.07171610E+05
   9   1   5   0  7.52465583E+04
  10   1   5   0  5.47808066E+04
  11   1   5   0  4.10987948E+04
  12   1   5   0  3.16159551E+04
  13   1   5   0  2.48395627E+04
  14   1   5   0  1.98695944E+04
  15   1   5   0  1.61421900E+04
  16   1   5   0  1.32920616E+04
  17   1   5   0  1.10755414E+04
  18   1   5   0  9.32586577E+03
  19   1   5   0  7.92629044E+03
  20   1   5   0  6.79342815E+03
  21   1   5   0  5.86663779E+03
  22   1   5   0  5.10110211E+03
  23   1   5   0  4.46321190E+03
  24   1   5   0  3.92742716E+03
  25   1   5   0  3.47410409E+03
  26   1   5   0  3.08796557E+03
  27   1   5   0  2.75700981E+03
  28   1   5   0  2.47171879E+03
  29   1   5   0  2.22447901E+03
  30   1   5   0  2.00915107E+03
   6   0   2   1  7.35378523E+05
   6   0   3   1  5.07433189E+05
   6   0   4   1  3.58426889E+05
   6   0   5   1  2.68312931E+05
   6   0   6   1  1.25862897E-10
   7   1   6   0  9.79494396E+04
   8   1   6   0  6.78286939E+04
   9   1   6   0  4.77074175E+04
  10   1   6   0  3.46832805E+04
  11   1   6   0  2.59769078E+04
  12   1   6   0  1.99534493E+04
  13   1   6   0  1.56574177E+04
  14   1   6   0  1.25120221E+04
  15   1   6   0  1.01564622E+04
  16   1   6   0  8.35750468E+03
  17   1   6   0  6.95990282E+03
  18   1   6   0  5.85761428E+03
  19   1   6   0  4.97653008E+03
  20   1   6   0  4.26379454E+03
  21   1   6   0  3.68101911E+03
  22   1   6   0  3.19986402E+03
  23   1   6   0  2.79909730E+03
  24   1   6   0  2.46259819E+03
  25   1   6   0  2.17797673E+03
  26   1   6   0  1.93560348E+03
  27   1   6   0  1.72791783E+03
  28   1   6   0  1.54892693E+03
  29   1   6   0  1.39383925E+03
  30   1   6   0  1.25879259E+03
   7   0   2   1  4.58890098E+05
   7   0   3   1  3.12983147E+05
   7   0   4   1  2.17492257E+05
   7   0   5   1  1.61809154E+05
   7   0   6   1  1.26577348E+05
   7   0   7   1  5.79674508E-11
   8   1   7   0  4.53708682E+04
   9   1   7   0  3.27450605E+04
  10   1   7   0  2.38171479E+04
  11   1   7   0  1.77988589E+04
  12   1   7   0  1.36407638E+04
  13   1   7   0  1.06833720E+04
  14   1   7   0  8.52387499E+03
  15   1   7   0  6.91036288E+03
  16   1   7   0  5.68047407E+03
  17   1   7   0  4.72649920E+03
  18   1   7   0  3.97509660E+03
  19   1   7   0  3.37515136E+03
  20   1   7   0  2.89029383E+03
  21   1   7   0  2.49416272E+03
  22   1   7   0  2.16733109E+03
  23   1   7   0  1.89526626E+03
  24   1   7   0  1.66694836E+03
  25   1   7   0  1.47391742E+03
  26   1   7   0  1.30960486E+03
  27   1   7   0  1.16885783E+03
  28   1   7   0  1.04759508E+03
  29   1   7   0  9.42555741E+02
  30   1   7   0  8.51112988E+02
   8   0   2   1  3.05564901E+05
   8   0   3   1  2.06787660E+05
   8   0   4   1  1.42027903E+05
   8   0   5   1  1.04048410E+05
   8   0   6   1  8.10855920E+04
   8   0   7   1  6.57342286E+04
   8   0   8   1  2.96112009E-11
   9   1   8   0  2.32815610E+04
  10   1   8   0  1.73453574E+04
  11   1   8   0  1.29559251E+04
  12   1   8   0  9.90086362E+03
  13   1   8   0  7.73325905E+03
  14   1   8   0  6.15618813E+03
  15   1   8   0  4.98175890E+03
  16   1   8   0  4.08906262E+03
  17   1   8   0  3.39823570E+03
  18   1   8   0  2.85514264E+03
  19   1   8   0  2.42220766E+03
  20   1   8   0  2.07278860E+03
  21   1   8   0  1.78763269E+03
  22   1   8   0  1.55258786E+03
  23   1   8   0  1.35709045E+03
  24   1   8   0  1.19314521E+03
  25   1   8   0  1.05462411E+03
  26   1   8   0  9.36775827E+02
  27   1   8   0  8.35877663E+02
  28   1   8   0  7.48984288E+02
  29   1   8   0  6.73744647E+02
  30   1   8   0  6.08266419E+02
   9   0   2   1  2.13707153E+05
   9   0   3   1  1.43842005E+05
   9   0   4   1  9.79947207E+04
   9   0   5   1  7.09696899E+04
   9   0   6   1  5.45041872E+04
   9   0   7   1  4.40985585E+04
   9   0   8   1  3.67903694E+04
   9   0   9   1  1.64131305E-11
  10   1   9   0  1.29205193E+04
  11   1   9   0  9.87160875E+03
  12   1   9   0  7.53420978E+03
  13   1   9   0  5.86495590E+03
  14   1   9   0  4.65453794E+03
  15   1   9   0  3.75707050E+03
  16   1   9   0  3.07754516E+03
  17   1   9   0  2.55338631E+03
  18   1   9   0  2.14241610E+03
  19   1   9   0  1.81552355E+03
  20   1   9   0  1.55217117E+03
  21   1   9   0  1.33758097E+03
  22   1   9   0  1.16092932E+03
  23   1   9   0  1.01416176E+03
  24   1   9   0  8.91198020E+02
  25   1   9   0  7.87388208E+02
  26   1   9   0  6.99133981E+02
  27   1   9   0  6.23620700E+02
  28   1   9   0  5.58624711E+02
  29   1   9   0  5.02373285E+02
  30   1   9   0  4.53441192E+02
  10   0   2   1  1.55320382E+05
  10   0   3   1  1.04136187E+05
  10   0   4   1  7.05336734E+04
  10   0   5   1  5.06643555E+04
  10   0   6   1  3.84747162E+04
  10   0   7   1  3.06979397E+04
  10   0   8   1  2.55969071E+04
  10   0   9   1  2.18589518E+04
  10   0  10   1  9.66090182E-12
  11   1  10   0  7.62843010E+03
  12   1  10   0  5.94868064E+03
  13   1  10   0  4.62189168E+03
  14   1  10   0  3.65418044E+03
  15   1  10   0  2.93965795E+03
  16   1  10   0  2.40135512E+03
  17   1  10   0  1.98795100E+03
  18   1  10   0  1.66499530E+03
  19   1  10   0  1.40887491E+03
  20   1  10   0  1.20304306E+03
  21   1  10   0  1.03566333E+03
  22   1  10   0  8.98109779E+02
  23   1  10   0  7.83990381E+02
  24   1  10   0  6.88496939E+02
  25   1  10   0  6.07963446E+02
  26   1  10   0  5.39560246E+02
  27   1  10   0  4.81078872E+02
  28   1  10   0  4.30777904E+02
  29   1  10   0  3.87271377E+02
  30   1  10   0  3.49446642E+02
  11   0   2   1  1.16431176E+05
  11   0   3   1  7.78370410E+04
  11   0   4   1  5.24959309E+04
  11   0   5   1  3.74832072E+04
  11   0   6   1  2.82330384E+04
  11   0   7   1  2.22800128E+04
  11   0   8   1  1.83305992E+04
  11   0   9   1  1.56634703E+04
  11   0  10   1  1.36360211E+04
  11   0  11   1  5.99212897E-12
  12   1  11   0  4.73552051E+03
  13   1  11   0  3.75579313E+03
  14   1  11   0  2.96222889E+03
  15   1  11   0  2.37320641E+03
  16   1  11   0  1.93162326E+03
  17   1  11   0  1.59439139E+03
  18   1  11   0  1.33221743E+03
  19   1  11   0  1.12512855E+03
  20   1  11   0  9.59242947E+02
  21   1  11   0  8.24707850E+02
  22   1  11   0  7.14391445E+02
  23   1  11   0  6.23038986E+02
  24   1  11   0  5.46716681E+02
  25   1  11   0  4.82437291E+02
  26   1  11   0  4.27902942E+02
  27   1  11   0  3.81325418E+02
  28   1  11   0  3.41298203E+02
  29   1  11   0  3.06704293E+02
  30   1  11   0  2.76648647E+02
  12   0   2   1  8.95270250E+04
  12   0   3   1  5.97192829E+04
  12   0   4   1  4.01468353E+04
  12   0   5   1  2.85379385E+04
  12   0   6   1  2.13658781E+04
  12   0   7   1  1.67246425E+04
  12   0   8   1  1.36126560E+04
  12   0   9   1  1.14826669E+04
  12   0  10   1  1.00120696E+04
  12   0  11   1  8.85762708E+03
  12   0  12   1  3.87609603E-12
  13   1  12   0  3.06405909E+03
  14   1  12   0  2.46497957E+03
  15   1  12   0  1.96919153E+03
  16   1  12   0  1.59573322E+03
  17   1  12   0  1.31210973E+03
  18   1  12   0  1.09296138E+03
  19   1  12   0  9.20767681E+02
  20   1  12   0  7.83428729E+02
  21   1  12   0  6.72436751E+02
  22   1  12   0  5.81687817E+02
  23   1  12   0  5.06718738E+02
  24   1  12   0  4.44209661E+02
  25   1  12   0  3.91653055E+02
  26   1  12   0  3.47128726E+02
  27   1  12   0  3.09148051E+02
  28   1  12   0  2.76543946E+02
  29   1  12   0  2.48392129E+02
  30   1  12   0  2.23953764E+02
  13   0   2   1  7.03206211E+04
  13   0   3   1  4.68272054E+04
  13   0   4   1  3.14014427E+04
  13   0   5   1  2.22451047E+04
  13   0   6   1  1.65786359E+04
  13   0   7   1  1.28990242E+04
  13   0   8   1  1.04149764E+04
  13   0   9   1  8.69308786E+03
  13   0  10   1  7.48547283E+03
  13   0  11   1  6.63801842E+03
  13   0  12   1  5.95335064E+03
  13   0  13   1  2.59542806E-12
  14   1  13   0  2.05280728E+03
  15   1  13   0  1.67161787E+03
  16   1  13   0  1.35022558E+03
  17   1  13   0  1.10508436E+03
  18   1  13   0  9.16833950E+02
  19   1  13   0  7.69895250E+02
  20   1  13   0  6.53359852E+02
  21   1  13   0  5.59614480E+02
  22   1  13   0  4.83254295E+02
  23   1  13   0  4.20366122E+02
  24   1  13   0  3.68063779E+02
  25   1  13   0  3.24182714E+02
  26   1  13   0  2.87075178E+02
  27   1  13   0  2.55470086E+02
  28   1  13   0  2.28375077E+02
  29   1  13   0  2.05007038E+02
  30   1  13   0  1.84741888E+02
  14   0   2   1  5.62423166E+04
  14   0   3   1  3.74013740E+04
  14   0   4   1  2.50312169E+04
  14   0   5   1  1.76849112E+04
  14   0   6   1  1.31335316E+04
  14   0   7   1  1.01714748E+04
  14   0   8   1  8.16325998E+03
  14   0   9   1  6.75979149E+03
  14   0  10   1  5.76071320E+03
  14   0  11   1  5.04673449E+03
  14   0  12   1  4.53994997E+03
  14   0  13   1  4.11964835E+03
  14   0  14   1  1.78991833E-12
  15   1  14   0  1.41671756E+03
  16   1  14   0  1.16579382E+03
  17   1  14   0  9.50756930E+02
  18   1  14   0  7.84968940E+02
  19   1  14   0  6.56429010E+02
  20   1  14   0  5.55205102E+02
  21   1  14   0  4.74264647E+02
  22   1  14   0  4.08656814E+02
  23   1  14   0  3.54838703E+02
  24   1  14   0  3.10225452E+02
  25   1  14   0  2.72896413E+02
  26   1  14   0  2.41400819E+02
  27   1  14   0  2.14626767E+02
  28   1  14   0  1.91710864E+02
  29   1  14   0  1.71974880E+02
  30   1  14   0  1.54880408E+02
  15   0   2   1  4.56874897E+04
  15   0   3   1  3.03490209E+04
  15   0   4   1  2.02791932E+04
  15   0   5   1  1.42969366E+04
  15   0   6   1  1.05878616E+04
  15   0   7   1  8.17044747E+03
  15   0   8   1  6.52695634E+03
  15   0   9   1  5.37242919E+03
  15   0  10   1  4.54260935E+03
  15   0  11   1  3.93922314E+03
  15   0  12   1  3.50184695E+03
  15   0  13   1  3.18914591E+03
  15   0  14   1  2.92342123E+03
  15   0  15   1  1.26645641E-12
  16   1  15   0  1.00306022E+03
  17   1  15   0  8.32973193E+02
  18   1  15   0  6.85097500E+02
  19   1  15   0  5.70027450E+02
  20   1  15   0  4.80062816E+02
  21   1  15   0  4.08663546E+02
  22   1  15   0  3.51155299E+02
  23   1  15   0  3.04224002E+02
  24   1  15   0  2.65482316E+02
  25   1  15   0  2.33177173E+02
  26   1  15   0  2.05997676E+02
  27   1  15   0  1.82947541E+02
  28   1  15   0  1.63258564E+02
  29   1  15   0  1.46330817E+02
  30   1  15   0  1.31690403E+02
  16   0   2   1  3.76186082E+04
  16   0   3   1  2.49666205E+04
  16   0   4   1  1.66611267E+04
  16   0   5   1  1.17258349E+04
  16   0   6   1  8.66429404E+03
  16   0   7   1  6.66692701E+03
  16   0   8   1  5.30650852E+03
  16   0   9   1  4.34762583E+03
  16   0  10   1  3.65419905E+03
  16   0  11   1  3.14430806E+03
  16   0  12   1  2.76724844E+03
  16   0  13   1  2.49107005E+03
  16   0  14   1  2.29291786E+03
  16   0  15   1  2.12060983E+03
  16   0  16   1  9.16428198E-13
  17   1  16   0  7.26184669E+02
  18   1  16   0  6.07908270E+02
  19   1  16   0  5.03749131E+02
  20   1  16   0  4.22041164E+02
  21   1  16   0  3.57691454E+02
  22   1  16   0  3.06269274E+02
  23   1  16   0  2.64582911E+02
  24   1  16   0  2.30356341E+02
  25   1  16   0  2.01941034E+02
  26   1  16   0  1.78119832E+02
  27   1  16   0  1.57977673E+02
  28   1  16   0  1.40815344E+02
  29   1  16   0  1.26090896E+02
  30   1  16   0  1.13378916E+02
  17   0   2   1  3.13444017E+04
  17   0   3   1  2.07870821E+04
  17   0   4   1  1.38571626E+04
  17   0   5   1  9.73855772E+03
  17   0   6   1  7.18268928E+03
  17   0   7   1  5.51406515E+03
  17   0   8   1  4.37612303E+03
  17   0   9   1  3.57224982E+03
  17   0  10   1  2.98859963E+03
  17   0  11   1  2.55636132E+03
  17   0  12   1  2.23257797E+03
  17   0  13   1  1.98993854E+03
  17   0  14   1  1.81093887E+03
  17   0  15   1  1.68248818E+03
  17   0  16   1  1.56828028E+03
  17   0  17   1  6.76305917E-13
  18   1  17   0  5.36131435E+02
  19   1  17   0  4.52014319E+02
  20   1  17   0  3.77078945E+02
  21   1  17   0  3.17879414E+02
  22   1  17   0  2.70955702E+02
  23   1  17   0  2.33229584E+02
  24   1  17   0  2.02468953E+02
  25   1  17   0  1.77074589E+02
  26   1  17   0  1.55882950E+02
  27   1  17   0  1.38031084E+02
  28   1  17   0  1.22867190E+02
  29   1  17   0  1.09890930E+02
  30   1  17   0  9.87127043E+01
  18   0   2   1  2.63921361E+04
  18   0   3   1  1.74919017E+04
  18   0   4   1  1.16501133E+04
  18   0   5   1  8.17777477E+03
  18   0   6   1  6.02237723E+03
  18   0   7   1  4.61450402E+03
  18   0   8   1  3.65353409E+03
  18   0   9   1  2.97362881E+03
  18   0  10   1  2.47866185E+03
  18   0  11   1  2.11039075E+03
  18   0  12   1  1.83225274E+03
  18   0  13   1  1.62073128E+03
  18   0  14   1  1.46057282E+03
  18   0  15   1  1.34190793E+03
  18   0  16   1  1.25700920E+03
  18   0  17   1  1.17985679E+03
  18   0  18   1  5.07851476E-13
  19   1  18   0  4.02743117E+02
  20   1  18   0  3.41716557E+02
  21   1  18   0  2.86782518E+02
  22   1  18   0  2.43113952E+02
  23   1  18   0  2.08303358E+02
  24   1  18   0  1.80163684E+02
  25   1  18   0  1.57100208E+02
  26   1  18   0  1.37966011E+02
  27   1  18   0  1.21923606E+02
  28   1  18   0  1.08349478E+02
  29   1  18   0  9.67708487E+01
  30   1  18   0  8.68233435E+01
  19   0   2   1  2.24310395E+04
  19   0   3   1  1.48587581E+04
  19   0   4   1  9.88890718E+03
  19   0   5   1  6.93457195E+03
  19   0   6   1  5.10035131E+03
  19   0   7   1  3.90183084E+03
  19   0   8   1  3.08323737E+03
  19   0   9   1  2.50343332E+03
  19   0  10   1  2.08055670E+03
  19   0  11   1  1.76493445E+03
  19   0  12   1  1.52527754E+03
  19   0  13   1  1.34130914E+03
  19   0  14   1  1.19967220E+03
  19   0  15   1  1.09158587E+03
  19   0  16   1  1.01135833E+03
  19   0  17   1  9.54310070E+02
  19   0  18   1  9.01320578E+02
  19   0  19   1  3.87318591E-13
  20   1  19   0  3.07258251E+02
  21   1  19   0  2.62190196E+02
  22   1  19   0  2.21235982E+02
  23   1  19   0  1.88501205E+02
  24   1  19   0  1.62274513E+02
  25   1  19   0  1.40970547E+02
  26   1  19   0  1.23427877E+02
  27   1  19   0  1.08808690E+02
  28   1  19   0  9.64993742E+01
  29   1  19   0  8.60416770E+01
  30   1  19   0  7.70869695E+01
  20   0   2   1  1.92249331E+04
  20   0   3   1  1.27292300E+04
  20   0   4   1  8.46620932E+03
  20   0   5   1  5.93187432E+03
  20   0   6   1  4.35817844E+03
  20   0   7   1  3.32961326E+03
  20   0   8   1  2.62677168E+03
  20   0   9   1  2.12856078E+03
  20   0  10   1  1.76471536E+03
  20   0  11   1  1.49255993E+03
  20   0  12   1  1.28515760E+03
  20   0  13   1  1.12497203E+03
  20   0  14   1  1.00033512E+03
  20   0  15   1  9.03418627E+02
  20   0  16   1  8.29039596E+02
  20   0  17   1  7.73861362E+02
  20   0  18   1  7.34988233E+02
  20   0  19   1  6.98066753E+02
  20   0  20   1  2.99567838E-13
  21   1  20   0  2.37688748E+02
  22   1  20   0  2.03871091E+02
  23   1  20   0  1.72873745E+02
  24   1  20   0  1.47976496E+02
  25   1  20   0  1.27939223E+02
  26   1  20   0  1.11591793E+02
  27   1  20   0  9.80735987E+01
  28   1  20   0  8.67623104E+01
  29   1  20   0  7.72010757E+01
  30   1  20   0  6.90478266E+01
  21   0   2   1  1.66021044E+04
  21   0   3   1  1.09883363E+04
  21   0   4   1  7.30430985E+03
  21   0   5   1  5.11406705E+03
  21   0   6   1  3.75388017E+03
  21   0   7   1  2.86468328E+03
  21   0   8   1  2.25686345E+03
  21   0   9   1  1.82575831E+03
  21   0  10   1  1.51061969E+03
  21   0  11   1  1.27453058E+03
  21   0  12   1  1.09415873E+03
  21   0  13   1  9.54272128E+02
  21   0  14   1  8.44674302E+02
  21   0  15   1  7.58434144E+02
  21   0  16   1  6.90839274E+02
  21   0  17   1  6.38768316E+02
  21   0  18   1  6.00245750E+02
  21   0  19   1  5.73447407E+02
  21   0  20   1  5.47398718E+02
  21   0  21   1  2.34625119E-13
  22   1  21   0  1.86189481E+02
  23   1  21   0  1.60446010E+02
  24   1  21   0  1.36661723E+02
  25   1  21   0  1.17474908E+02
  26   1  21   0  1.01971143E+02
  27   1  21   0  8.92726092E+01
  28   1  21   0  7.87315177E+01
  29   1  21   0  6.98785598E+01
  30   1  21   0  6.23685695E+01
  22   0   2   1  1.44356701E+04
  22   0   3   1  9.55123918E+03
  22   0   4   1  6.34599287E+03
  22   0   5   1  4.44031903E+03
  22   0   6   1  3.25675122E+03
  22   0   7   1  2.48289542E+03
  22   0   8   1  1.95377862E+03
  22   0   9   1  1.57833119E+03
  22   0  10   1  1.30368440E+03
  22   0  11   1  1.09769723E+03
  22   0  12   1  9.40039065E+02
  22   0  13   1  8.17414351E+02
  22   0  14   1  7.20890023E+02
  22   0  15   1  6.44345613E+02
  22   0  16   1  5.83549022E+02
  22   0  17   1  5.35598578E+02
  22   0  18   1  4.98585436E+02
  22   0  19   1  4.71337112E+02
  22   0  20   1  4.52687809E+02
  22   0  21   1  4.34111529E+02
  22   0  22   1  1.85869614E-13
  23   1  22   0  1.47515263E+02
  24   1  22   0  1.27660843E+02
  25   1  22   0  1.09182957E+02
  26   1  22   0  9.42188166E+01
  27   1  22   0  8.20834607E+01
  28   1  22   0  7.21085275E+01
  29   1  22   0  6.37994318E+01
  30   1  22   0  5.67973414E+01
  23   0   2   1  1.26304901E+04
  23   0   3   1  8.35440621E+03
  23   0   4   1  5.54848935E+03
  23   0   5   1  3.88018350E+03
  23   0   6   1  2.84396791E+03
  23   0   7   1  2.16637432E+03
  23   0   8   1  1.70298211E+03
  23   0   9   1  1.37406216E+03
  23   0  10   1  1.13332304E+03
  23   0  11   1  9.52615041E+02
  23   0  12   1  8.14122490E+02
  23   0  13   1  7.06181475E+02
  23   0  14   1  6.20937161E+02
  23   0  15   1  5.52981882E+02
  23   0  16   1  4.98538398E+02
  23   0  17   1  4.54960266E+02
  23   0  18   1  4.20426926E+02
  23   0  19   1  3.93758546E+02
  23   0  20   1  3.74264391E+02
  23   0  21   1  3.61191225E+02
  23   0  22   1  3.47822082E+02
  23   0  23   1  1.48769577E-13
  24   1  23   0  1.18090603E+02
  25   1  23   0  1.02595008E+02
  26   1  23   0  8.80759601E+01
  27   1  23   0  7.62767814E+01
  28   1  23   0  6.66770003E+01
  29   1  23   0  5.87608653E+01
  30   1  23   0  5.21457962E+01
  24   0   2   1  1.11142732E+04
  24   0   3   1  7.34961622E+03
  24   0   4   1  4.87938892E+03
  24   0   5   1  3.41063670E+03
  24   0   6   1  2.49831802E+03
  24   0   7   1  1.90168590E+03
  24   0   8   1  1.49359742E+03
  24   0   9   1  1.20385860E+03
  24   0  10   1  9.91710269E+02
  24   0  11   1  8.32362437E+02
  24   0  12   1  7.10119954E+02
  24   0  13   1  6.14699638E+02
  24   0  14   1  5.39166248E+02
  24   0  15   1  4.78730858E+02
  24   0  16   1  4.30027809E+02
  24   0  17   1  3.90668537E+02
  24   0  18   1  3.58964081E+02
  24   0  19   1  3.33754375E+02
  24   0  20   1  3.14306399E+02
  24   0  21   1  3.00221989E+02
  24   0  22   1  2.91010885E+02
  24   0  23   1  2.81315489E+02
  24   0  24   1  1.20199958E-13
  25   1  24   0  9.54349792E+01
  26   1  24   0  8.32090944E+01
  27   1  24   0  7.16816634E+01
  28   1  24   0  6.22842121E+01
  29   1  24   0  5.46160465E+01
  30   1  24   0  4.82742906E+01
  25   0   2   1  9.83142089E+03
  25   0   3   1  6.49981877E+03
  25   0   4   1  4.31382372E+03
  25   0   5   1  3.01404540E+03
  25   0   6   1  2.20665033E+03
  25   0   7   1  1.67859617E+03
  25   0   8   1  1.31736956E+03
  25   0   9   1  1.06085119E+03
  25   0  10   1  8.72967989E+02
  25   0  11   1  7.31777321E+02
  25   0  12   1  6.23383208E+02
  25   0  13   1  5.38676712E+02
  25   0  14   1  4.71508556E+02
  25   0  15   1  4.17624342E+02
  25   0  16   1  3.74022604E+02
  25   0  17   1  3.38556657E+02
  25   0  18   1  3.09683825E+02
  25   0  19   1  2.86307015E+02
  25   0  20   1  2.67678192E+02
  25   0  21   1  2.53342455E+02
  25   0  22   1  2.43080687E+02
  25   0  23   1  2.36572842E+02
  25   0  24   1  2.29498151E+02
  25   0  25   1  9.80014215E-14
  26   1  25   0  7.77996913E+01
  27   1  25   0  6.80568352E+01
  28   1  25   0  5.88168118E+01
  29   1  25   0  5.12627545E+01
  30   1  25   0  4.50824288E+01
  26   0   2   1  8.73869619E+03
  26   0   3   1  5.77622538E+03
  26   0   4   1  3.83249469E+03
  26   0   5   1  2.67674718E+03
  26   0   6   1  1.95879609E+03
  26   0   7   1  1.48921243E+03
  26   0   8   1  1.16795243E+03
  26   0   9   1  9.39779881E+02
  26   0  10   1  7.72617034E+02
  26   0  11   1  6.46949798E+02
  26   0  12   1  5.50417908E+02
  26   0  13   1  4.74916302E+02
  26   0  14   1  4.14969813E+02
  26   0  15   1  3.66785602E+02
  26   0  16   1  3.27681243E+02
  26   0  17   1  2.95728967E+02
  26   0  18   1  2.69529879E+02
  26   0  19   1  2.48068885E+02
  26   0  20   1  2.30622726E+02
  26   0  21   1  2.16704931E+02
  26   0  22   1  2.06035881E+02
  26   0  23   1  1.98506471E+02
  26   0  24   1  1.93907923E+02
  26   0  25   1  1.88721349E+02
  26   0  26   1  8.05187130E-14
  27   1  26   0  6.39336975E+01
  28   1  26   0  5.60978797E+01
  29   1  26   0  4.86258697E+01
  30   1  26   0  4.25015667E+01
  27   0   2   1  7.80213306E+03
  27   0   3   1  5.15623753E+03
  27   0   4   1  3.42026859E+03
  27   0   5   1  2.38804390E+03
  27   0   6   1  1.74680724E+03
  27   0   7   1  1.32737951E+03
  27   0   8   1  1.04041071E+03
  27   0   9   1  8.36567878E+02
  27   0  10   1  6.87200314E+02
  27   0  11   1  5.74877584E+02
  27   0  12   1  4.88557769E+02
  27   0  13   1  4.20998523E+02
  27   0  14   1  3.67305254E+02
  27   0  15   1  3.24084386E+02
  27   0  16   1  2.88931961E+02
  27   0  17   1  2.60115002E+02
  27   0  18   1  2.36368348E+02
  27   0  19   1  2.16762859E+02
  27   0  20   1  2.00619719E+02
  27   0  21   1  1.87456169E+02
  27   0  22   1  1.76954425E+02
  27   0  23   1  1.68946267E+02
  27   0  24   1  1.63390094E+02
  27   0  25   1  1.60150449E+02
  27   0  26   1  1.56336112E+02
  27   0  27   1  6.66751720E-14
  28   1  27   0  5.29298457E+01
  29   1  27   0  4.65740376E+01
  30   1  27   0  4.04823211E+01
  28   0   2   1  6.99479541E+03
  28   0   3   1  4.62194589E+03
  28   0   4   1  3.06516373E+03
  28   0   5   1  2.13947601E+03
  28   0   6   1  1.56440887E+03
  28   0   7   1  1.18824761E+03
  28   0   8   1  9.30865210E+02
  28   0   9   1  7.48020293E+02
  28   0  10   1  6.14018337E+02
  28   0  11   1  5.13226609E+02
  28   0  12   1  4.35741051E+02
  28   0  13   1  3.75064494E+02
  28   0  14   1  3.26804558E+02
  28   0  15   1  2.87914057E+02
  28   0  16   1  2.56232027E+02
  28   0  17   1  2.30197502E+02
  28   0  18   1  2.08666474E+02
  28   0  19   1  1.90792533E+02
  28   0  20   1  1.75948085E+02
  28   0  21   1  1.63672727E+02
  28   0  22   1  1.53641131E+02
  28   0  23   1  1.45645498E+02
  28   0  24   1  1.39589198E+02
  28   0  25   1  1.35471022E+02
  28   0  26   1  1.33204740E+02
  28   0  27   1  1.30395440E+02
  28   0  28   1  5.55760025E-14
  29   1  28   0  4.41220962E+01
  30   1  28   0  3.89260206E+01
  29   0   2   1  6.29513744E+03
  29   0   3   1  4.15903356E+03
  29   0   4   1  2.75760996E+03
  29   0   5   1  1.92429417E+03
  29   0   6   1  1.40660172E+03
  29   0   7   1  1.06795962E+03
  29   0   8   1  8.36237343E+02
  29   0   9   1  6.71608192E+02
  29   0  10   1  5.50941008E+02
  29   0  11   1  4.60162105E+02
  29   0  12   1  3.90354511E+02
  29   0  13   1  3.35667844E+02
  29   0  14   1  2.92146074E+02
  29   0  15   1  2.57043580E+02
  29   0  16   1  2.28411770E+02
  29   0  17   1  2.04841156E+02
  29   0  18   1  1.85296100E+02
  29   0  19   1  1.69006744E+02
  29   0  20   1  1.55397035E+02
  29   0  21   1  1.44036680E+02
  29   0  22   1  1.34609690E+02
  29   0  23   1  1.26895143E+02
  29   0  24   1  1.20757942E+02
  29   0  25   1  1.16147263E+02
  29   0  26   1  1.13085692E+02
  29   0  27   1  1.11520071E+02
  29   0  28   1  1.09451818E+02
  29   0  29   1  4.66208833E-14
  30   1  29   0  3.70157744E+01
  30   0   2   1  5.68578523E+03
  30   0   3   1  3.75596200E+03
  30   0   4   1  2.48990018E+03
  30   0   5   1  1.73706837E+03
  30   0   6   1  1.26936885E+03
  30   0   7   1  9.63421157E+02
  30   0   8   1  7.54061988E+02
  30   0   9   1  6.05311201E+02
  30   0  10   1  4.96271260E+02
  30   0  11   1  4.14227122E+02
  30   0  12   1  3.51122204E+02
  30   0  13   1  3.01670107E+02
  30   0  14   1  2.62295576E+02
  30   0  15   1  2.30516507E+02
  30   0  16   1  2.04570380E+02
  30   0  17   1  1.83181095E+02
  30   0  18   1  1.65409395E+02
  30   0  19   1  1.50554893E+02
  30   0  20   1  1.38090474E+02
  30   0  21   1  1.27618043E+02
  30   0  22   1  1.18838706E+02
  30   0  23   1  1.11533401E+02
  30   0  24   1  1.05551263E+02
  30   0  25   1  1.00805864E+02
  30   0  26   1  9.72753280E+01
  30   0  27   1  9.49958010E+01
  30   0  28   1  9.39362829E+01
  30   0  29   1  9.24175992E+01
  30   0  30   1  3.93528847E-14
   3   2   2   1  6.46862329E+07
   4   2   2   1  2.06364191E+07
   5   2   2   1  9.43049169E+06
   6   2   2   1  5.14778085E+06
   7   2   2   1  3.13276887E+06
   8   2   2   1  2.05344775E+06
   9   2   2   1  1.42104937E+06
  10   2   2   1  1.02514010E+06
  11   2   2   1  7.64285205E+05
  12   2   2   1  5.85265488E+05
  13   2   2   1  4.58246093E+05
  14   2   2   1  3.65584100E+05
  15   2   2   1  2.96376483E+05
  16   2   2   1  2.43631281E+05
  17   2   2   1  2.02720788E+05
  18   2   2   1  1.70497395E+05
  19   2   2   1  1.44768588E+05
  20   2   2   1  1.23974736E+05
  21   2   2   1  1.06985524E+05
  22   2   2   1  9.29679969E+04
  23   2   2   1  8.12990460E+04
  24   2   2   1  7.15061679E+04
  25   2   2   1  6.32266098E+04
  26   2   2   1  5.61787089E+04
  27   2   2   1  5.01415015E+04
  28   2   2   1  4.49399703E+04
  29   2   2   1  4.04342737E+04
  30   2   2   1  3.65117571E+04
   3   2   3   1  4.19029737E-14
   4   2   3   1  7.04143375E+06
   5   2   3   1  3.39331261E+06
   6   2   3   1  1.87880214E+06
   7   2   3   1  1.15019361E+06
   8   2   3   1  7.56255585E+05
   9   2   3   1  5.24311079E+05
  10   2   3   1  3.78683511E+05
  11   2   3   1  2.82553801E+05
  12   2   3   1  2.16497133E+05
  13   2   3   1  1.69584824E+05
  14   2   3   1  1.35338218E+05
  15   2   3   1  1.09746502E+05
  16   2   3   1  9.02341818E+04
  17   2   3   1  7.50949008E+04
  18   2   3   1  6.31671218E+04
  19   2   3   1  5.36412380E+04
  20   2   3   1  4.59410390E+04
  21   2   3   1  3.96487444E+04
  22   2   3   1  3.44563708E+04
  23   2   3   1  3.01334542E+04
  24   2   3   1  2.65051874E+04
  25   2   3   1  2.34373362E+04
  26   2   3   1  2.08256530E+04
  27   2   3   1  1.85883412E+04
  28   2   3   1  1.66606033E+04
  29   2   3   1  1.49906581E+04
  30   2   3   1  1.35367862E+04
   4   1   3   2  3.47725764E+05
   4   2   4   1  4.61978695E-14
   5   2   4   1  1.48659242E+06
   6   2   4   1  8.62659614E+05
   7   2   4   1  5.34075604E+05
   8   2   4   1  3.52642349E+05
   9   2   4   1  2.44975125E+05
  10   2   4   1  1.77125674E+05
  11   2   4   1  1.32248171E+05
  12   2   4   1  1.01373249E+05
  13   2   4   1  7.94296406E+04
  14   2   4   1  6.34022269E+04
  15   2   4   1  5.14209226E+04
  16   2   4   1  4.22833716E+04
  17   2   4   1  3.51922699E+04
  18   2   4   1  2.96045368E+04
  19   2   4   1  2.51414571E+04
  20   2   4   1  2.15333944E+04
  21   2   4   1  1.85847933E+04
  22   2   4   1  1.61514595E+04
  23   2   4   1  1.41254723E+04
  24   2   4   1  1.24249615E+04
  25   2   4   1  1.09870512E+04
  26   2   4   1  9.76290596E+03
  27   2   4   1  8.71420451E+03
  28   2   4   1  7.81058704E+03
  29   2   4   1  7.02779071E+03
  30   2   4   1  6.34626624E+03
   5   1   3   2  1.49617230E+05
   5   1   4   2  1.88561282E+05
   5   2   5   1  3.17230443E-14
   6   2   5   1  4.49729860E+05
   7   2   5   1  2.90396967E+05
   8   2   5   1  1.93438024E+05
   9   2   5   1  1.34752802E+05
  10   2   5   1  9.75338235E+04
  11   2   5   1  7.28534721E+04
  12   2   5   1  5.58546208E+04
  13   2   5   1  4.37666948E+04
  14   2   5   1  3.49355854E+04
  15   2   5   1  2.83331621E+04
  16   2   5   1  2.32976316E+04
  17   2   5   1  1.93898626E+04
  18   2   5   1  1.63106331E+04
  19   2   5   1  1.38512396E+04
  20   2   5   1  1.18630738E+04
  21   2   5   1  1.02383514E+04
  22   2   5   1  8.89759553E+03
  23   2   5   1  7.78132321E+03
  24   2   5   1  6.84441053E+03
  25   2   5   1  6.05220349E+03
  26   2   5   1  5.37778741E+03
  27   2   5   1  4.80004293E+03
  28   2   5   1  4.30223896E+03
  29   2   5   1  3.87100485E+03
  30   2   5   1  3.49556784E+03
   6   1   3   2  7.82835583E+04
   6   1   4   2  9.42195552E+04
   6   1   5   2  9.59854265E+04
   6   2   6   1  1.91668601E-14
   7   2   6   1  1.70505564E+05
   8   2   6   1  1.18009026E+05
   9   2   6   1  8.27731149E+04
  10   2   6   1  6.00078319E+04
  11   2   6   1  4.48356133E+04
  12   2   6   1  3.43699762E+04
  13   2   6   1  2.69253487E+04
  14   2   6   1  2.14869496E+04
  15   2   6   1  1.74219569E+04
  16   2   6   1  1.43225123E+04
  17   2   6   1  1.19178732E+04
  18   2   6   1  1.00235552E+04
  19   2   6   1  8.51090494E+03
  20   2   6   1  7.28833695E+03
  21   2   6   1  6.28944348E+03
  22   2   6   1  5.46527109E+03
  23   2   6   1  4.77919118E+03
  24   2   6   1  4.20342423E+03
  25   2   6   1  3.71664121E+03
  26   2   6   1  3.30228006E+03
  27   2   6   1  2.94734742E+03
  28   2   6   1  2.64155158E+03
  29   2   6   1  2.37666929E+03
  30   2   6   1  2.14607599E+03
   7   1   3   2  4.63864869E+04
   7   1   4   2  5.39366864E+04
   7   1   5   2  5.31018001E+04
   7   1   6   2  5.10716669E+04
   7   2   7   1  1.19443651E-14
   8   2   7   1  7.54550718E+04
   9   2   7   1  5.48254352E+04
  10   2   7   1  3.99580429E+04
  11   2   7   1  2.98750034E+04
  12   2   7   1  2.28931804E+04
  13   2   7   1  1.79240379E+04
  14   2   7   1  1.42954217E+04
  15   2   7   1  1.15848977E+04
  16   2   7   1  9.51956999E+03
  17   2   7   1  7.91822013E+03
  18   2   7   1  6.65741246E+03
  19   2   7   1  5.65112271E+03
  20   2   7   1  4.83815636E+03
  21   2   7   1  4.17417321E+03
  22   2   7   1  3.62650895E+03
  23   2   7   1  3.17073790E+03
  24   2   7   1  2.78834553E+03
  25   2   7   1  2.46512349E+03
  26   2   7   1  2.19004382E+03
  27   2   7   1  1.95445828E+03
  28   2   7   1  1.75151926E+03
  29   2   7   1  1.57575717E+03
  30   2   7   1  1.42276707E+03
   8   1   3   2  2.98768123E+04
   8   1   4   2  3.39772402E+04
   8   1   5   2  3.24724767E+04
   8   1   6   2  3.04200803E+04
   8   1   7   2  2.87456091E+04
   8   2   8   1  7.41300811E-15
   9   2   8   1  3.73666607E+04
  10   2   8   1  2.81430330E+04
  11   2   8   1  2.11265213E+04
  12   2   8   1  1.61873272E+04
  13   2   8   1  1.26623986E+04
  14   2   8   1  1.00892177E+04
  15   2   8   1  8.16909406E+03
  16   2   8   1  6.70769353E+03
  17   2   8   1  5.57579868E+03
  18   2   8   1  4.68544570E+03
  19   2   8   1  3.97540394E+03
  20   2   8   1  3.40217358E+03
  21   2   8   1  2.93427584E+03
  22   2   8   1  2.54854826E+03
  23   2   8   1  2.22768865E+03
  24   2   8   1  1.95859440E+03
  25   2   8   1  1.73121864E+03
  26   2   8   1  1.53776920E+03
  27   2   8   1  1.37213934E+03
  28   2   8   1  1.22949662E+03
  29   2   8   1  1.10598310E+03
  30   2   8   1  9.98493216E+02
   9   1   3   2  2.04277367E+04
   9   1   4   2  2.28891600E+04
   9   1   5   2  2.14428580E+04
   9   1   6   2  1.95654869E+04
   9   1   7   2  1.81089229E+04
   9   1   8   2  1.70470191E+04
   9   2   9   1  4.51000906E-15
  10   2   9   1  2.01546916E+04
  11   2   9   1  1.56038241E+04
  12   2   9   1  1.19915621E+04
  13   2   9   1  9.37307703E+03
  14   2   9   1  7.45831608E+03
  15   2   9   1  6.03109517E+03
  16   2   9   1  4.94662527E+03
  17   2   9   1  4.10801878E+03
  18   2   9   1  3.44930538E+03
  19   2   9   1  2.92463614E+03
  20   2   9   1  2.50150444E+03
  21   2   9   1  2.15643383E+03
  22   2   9   1  1.87218181E+03
  23   2   9   1  1.63588946E+03
  24   2   9   1  1.43783301E+03
  25   2   9   1  1.27056589E+03
  26   2   9   1  1.12831908E+03
  27   2   9   1  1.00657580E+03
  28   2   9   1  9.01764908E+02
  29   2   9   1  8.11037561E+02
  30   2   9   1  7.32102081E+02
  10   1   3   2  1.46097261E+04
  10   1   4   2  1.62011558E+04
  10   1   5   2  1.49704791E+04
  10   1   6   2  1.34117845E+04
  10   1   7   2  1.21207593E+04
  10   1   8   2  1.12221014E+04
  10   1   9   2  1.05810790E+04
  10   2  10   1  2.99327122E-15
  11   2  10   1  1.16247222E+04
  12   2  10   1  9.19817975E+03
  13   2  10   1  7.20482057E+03
  14   2  10   1  5.72542950E+03
  15   2  10   1  4.62184995E+03
  16   2  10   1  3.78483530E+03
  17   2  10   1  3.13900166E+03
  18   2  10   1  2.63273594E+03
  19   2  10   1  2.23019972E+03
  20   2  10   1  1.90604951E+03
  21   2  10   1  1.64203445E+03
  22   2  10   1  1.42478610E+03
  23   2  10   1  1.24435870E+03
  24   2  10   1  1.09324720E+03
  25   2  10   1  9.65714677E+02
  26   2  10   1  8.57323718E+02
  27   2  10   1  7.64604944E+02
  28   2  10   1  6.84818647E+02
  29   2  10   1  6.15781607E+02
  30   2  10   1  5.55739244E+02
  11   1   3   2  1.08227483E+04
  11   1   4   2  1.19115593E+04
  11   1   5   2  1.08993412E+04
  11   1   6   2  9.63978627E+03
  11   1   7   2  8.56456453E+03
  11   1   8   2  7.75743451E+03
  11   1   9   2  7.21689991E+03
  11   1  10   2  6.83056665E+03
  11   2  11   1  1.96121128E-15
  12   2  11   1  7.07682162E+03
  13   2  11   1  5.69930616E+03
  14   2  11   1  4.53519629E+03
  15   2  11   1  3.65448057E+03
  16   2  11   1  2.98653658E+03
  17   2  11   1  2.47244565E+03
  18   2  11   1  2.07054076E+03
  19   2  11   1  1.75175510E+03
  20   2  11   1  1.49557612E+03
  21   2  11   1  1.28728540E+03
  22   2  11   1  1.11614204E+03
  23   2  11   1  9.74182154E+02
  24   2  11   1  8.55414119E+02
  25   2  11   1  7.55269697E+02
  26   2  11   1  6.70223268E+02
  27   2  11   1  5.97523648E+02
  28   2  11   1  5.35001900E+02
  29   2  11   1  4.80932154E+02
  30   2  11   1  4.33929155E+02
  12   1   3   2  8.24752230E+03
  12   1   4   2  9.02612486E+03
  12   1   5   2  8.19948410E+03
  12   1   6   2  7.18462256E+03
  12   1   7   2  6.30612255E+03
  12   1   8   2  5.62090747E+03
  12   1   9   2  5.12343451E+03
  12   1  10   2  4.79675791E+03
  12   1  11   2  4.56095554E+03
  12   2  12   1  1.32083341E-15
  13   2  12   1  4.50379627E+03
  14   2  12   1  3.68036462E+03
  15   2  12   1  2.96776416E+03
  16   2  12   1  2.42000764E+03
  17   2  12   1  1.99877634E+03
  18   2  12   1  1.67049504E+03
  19   2  12   1  1.41093299E+03
  20   2  12   1  1.20292680E+03
  21   2  12   1  1.03420106E+03
  22   2  12   1  8.95839452E+02
  23   2  12   1  7.81261252E+02
  24   2  12   1  6.85535698E+02
  25   2  12   1  6.04916745E+02
  26   2  12   1  5.36522127E+02
  27   2  12   1  4.78108575E+02
  28   2  12   1  4.27911554E+02
  29   2  12   1  3.84529715E+02
  30   2  12   1  3.46840183E+02
  13   1   3   2  6.43319378E+03
  13   1   4   2  7.00998860E+03
  13   1   5   2  6.33300411E+03
  13   1   6   2  5.51056576E+03
  13   1   7   2  4.79379837E+03
  13   1   8   2  4.22369809E+03
  13   1   9   2  3.79168323E+03
  13   1  10   2  3.48233556E+03
  13   1  11   2  3.28214005E+03
  13   1  12   2  3.13579984E+03
  13   2  13   1  9.23587175E-16
  14   2  13   1  2.97477835E+03
  15   2  13   1  2.46080375E+03
  16   2  13   1  2.00691843E+03
  17   2  13   1  1.65336363E+03
  18   2  13   1  1.37825907E+03
  19   2  13   1  1.16154703E+03
  20   2  13   1  9.88507503E+02
  21   2  13   1  8.48583440E+02
  22   2  13   1  7.34140575E+02
  23   2  13   1  6.39576590E+02
  24   2  13   1  5.60716684E+02
  25   2  13   1  4.94404357E+02
  26   2  13   1  4.38220963E+02
  27   2  13   1  3.90290690E+02
  28   2  13   1  3.49142476E+02
  29   2  13   1  3.13611052E+02
  30   2  13   1  2.82764782E+02
  14   1   3   2  5.11696189E+03
  14   1   4   2  5.55673053E+03
  14   1   5   2  4.99859734E+03
  14   1   6   2  4.32617712E+03
  14   1   7   2  3.73817023E+03
  14   1   8   2  3.26546486E+03
  14   1   9   2  2.89907388E+03
  14   1  10   2  2.62406252E+03
  14   1  11   2  2.42856714E+03
  14   1  12   2  2.30390350E+03
  14   1  13   2  2.21154377E+03
  14   2  14   1  6.63901765E-16
  15   2  14   1  2.02780924E+03
  16   2  14   1  1.69498822E+03
  17   2  14   1  1.39590902E+03
  18   2  14   1  1.16031365E+03
  19   2  14   1  9.75143364E+02
  20   2  14   1  8.27916277E+02
  21   2  14   1  7.09344450E+02
  22   2  14   1  6.12699197E+02
  23   2  14   1  5.33070405E+02
  24   2  14   1  4.66823823E+02
  25   2  14   1  4.11228986E+02
  26   2  14   1  3.64205205E+02
  27   2  14   1  3.24146350E+02
  28   2  14   1  2.89797879E+02
  29   2  14   1  2.60169406E+02
  30   2  14   1  2.34471411E+02
  15   1   3   2  4.13826039E+03
  15   1   4   2  4.48164190E+03
  15   1   5   2  4.01776879E+03
  15   1   6   2  3.46265071E+03
  15   1   7   2  2.97640886E+03
  15   1   8   2  2.58308957E+03
  15   1   9   2  2.27432362E+03
  15   1  10   2  2.03664772E+03
  15   1  11   2  1.85871607E+03
  15   1  12   2  1.73294181E+03
  15   1  13   2  1.65411341E+03
  15   1  14   2  1.59491634E+03
  15   2  15   1  4.86713448E-16
  16   2  15   1  1.42026603E+03
  17   2  15   1  1.19783534E+03
  18   2  15   1  9.94897640E+02
  19   2  15   1  8.33503372E+02
  20   2  15   1  7.05551465E+02
  21   2  15   1  6.02992635E+02
  22   2  15   1  5.19768587E+02
  23   2  15   1  4.51454571E+02
  24   2  15   1  3.94797723E+02
  25   2  15   1  3.47373149E+02
  26   2  15   1  3.07346251E+02
  27   2  15   1  2.73309642E+02
  28   2  15   1  2.44169804E+02
  29   2  15   1  2.19067316E+02
  30   2  15   1  1.97319656E+02
  16   1   3   2  3.39505949E+03
  16   1   4   2  3.66860205E+03
  16   1   5   2  3.27982855E+03
  16   1   6   2  2.81712633E+03
  16   1   7   2  2.41152135E+03
  16   1   8   2  2.08219699E+03
  16   1   9   2  1.82168876E+03
  16   1  10   2  1.61824604E+03
  16   1  11   2  1.46163377E+03
  16   1  12   2  1.34443247E+03
  16   1  13   2  1.26208818E+03
  16   1  14   2  1.21156797E+03
  16   1  15   2  1.17311670E+03
  16   2  16   1  3.62307049E-16
  17   2  16   1  1.01843763E+03
  18   2  16   1  8.65649547E+02
  19   2  16   1  7.24379323E+02
  20   2  16   1  6.11105719E+02
  21   2  16   1  5.20628880E+02
  22   2  16   1  4.47592894E+02
  23   2  16   1  3.87928636E+02
  24   2  16   1  3.38644842E+02
  25   2  16   1  2.97529234E+02
  26   2  16   1  2.62922796E+02
  27   2  16   1  2.33563022E+02
  28   2  16   1  2.08475722E+02
  29   2  16   1  1.86899720E+02
  30   2  16   1  1.68233490E+02
  17   1   3   2  2.82033247E+03
  17   1   4   2  3.04198411E+03
  17   1   5   2  2.71347182E+03
  17   1   6   2  2.32425784E+03
  17   1   7   2  1.98297618E+03
  17   1   8   2  1.70522562E+03
  17   1   9   2  1.48445721E+03
  17   1  10   2  1.31052972E+03
  17   1  11   2  1.17446892E+03
  17   1  12   2  1.06946489E+03
  17   1  13   2  9.90891359E+02
  17   1  14   2  9.36101209E+02
  17   1  15   2  9.03366760E+02
  17   1  16   2  8.78117551E+02
  17   2  17   1  2.73897143E-16
  18   2  17   1  7.45519457E+02
  19   2  17   1  6.38016285E+02
  20   2  17   1  5.37435792E+02
  21   2  17   1  4.56217068E+02
  22   2  17   1  3.90919960E+02
  23   2  17   1  3.37880656E+02
  24   2  17   1  2.94294141E+02
  25   2  17   1  2.58087825E+02
  26   2  17   1  2.27721425E+02
  27   2  17   1  2.02034245E+02
  28   2  17   1  1.80138568E+02
  29   2  17   1  1.61346028E+02
  30   2  17   1  1.45116112E+02
  18   1   3   2  2.36877055E+03
  18   1   4   2  2.55102647E+03
  18   1   5   2  2.27126226E+03
  18   1   6   2  1.94105687E+03
  18   1   7   2  1.65151256E+03
  18   1   8   2  1.41551122E+03
  18   1   9   2  1.22733732E+03
  18   1  10   2  1.07825502E+03
  18   1  11   2  9.60475379E+02
  18   1  12   2  8.67948609E+02
  18   1  13   2  7.96323143E+02
  18   1  14   2  7.42763880E+02
  18   1  15   2  7.05773135E+02
  18   1  16   2  6.84391903E+02
  18   1  17   2  6.67676192E+02
  18   2  18   1  2.10098632E-16
  19   2  18   1  5.55777045E+02
  20   2  18   1  4.78514131E+02
  21   2  18   1  4.05460665E+02
  22   2  18   1  3.46107950E+02
  23   2  18   1  2.98117705E+02
  24   2  18   1  2.58921199E+02
  25   2  18   1  2.26539477E+02
  26   2  18   1  1.99504456E+02
  27   2  18   1  1.76720955E+02
  28   2  18   1  1.57360352E+02
  29   2  18   1  1.40786292E+02
  30   2  18   1  1.26503214E+02
  19   1   3   2  2.00897554E+03
  19   1   4   2  2.16075819E+03
  19   1   5   2  1.92075881E+03
  19   1   6   2  1.63839189E+03
  19   1   7   2  1.39082797E+03
  19   1   8   2  1.18884369E+03
  19   1   9   2  1.02745181E+03
  19   1  10   2  8.99110117E+02
  19   1  11   2  7.97070252E+02
  19   1  12   2  7.16026180E+02
  19   1  13   2  6.52047797E+02
  19   1  14   2  6.02385275E+02
  19   1  15   2  5.65314525E+02
  19   1  16   2  5.40018582E+02
  19   1  17   2  5.25987961E+02
  19   1  18   2  5.14865266E+02
  19   2  19   1  1.63201412E-16
  20   2  19   1  4.21102790E+02
  21   2  19   1  3.64515454E+02
  22   2  19   1  3.10502528E+02
  23   2  19   1  2.66384806E+02
  24   2  19   1  2.30533974E+02
  25   2  19   1  2.01109067E+02
  26   2  19   1  1.76684586E+02
  27   2  19   1  1.56199849E+02
  28   2  19   1  1.38861195E+02
  29   2  19   1  1.24066217E+02
  30   2  19   1  1.11350672E+02
  20   1   3   2  1.71870954E+03
  20   1   4   2  1.84653265E+03
  20   1   5   2  1.63923737E+03
  20   1   6   2  1.39601100E+03
  20   1   7   2  1.18280804E+03
  20   1   8   2  1.00874412E+03
  20   1   9   2  8.69457809E+02
  20   1  10   2  7.58410905E+02
  20   1  11   2  6.69744533E+02
  20   1  12   2  5.98821178E+02
  20   1  13   2  5.42151734E+02
  20   1  14   2  4.97204724E+02
  20   1  15   2  4.62243638E+02
  20   1  16   2  4.36226371E+02
  20   1  17   2  4.18735673E+02
  20   1  18   2  4.09523132E+02
  20   1  19   2  4.02110823E+02
  20   2  20   1  1.27991346E-16
  21   2  20   1  3.23732490E+02
  22   2  20   1  2.81581819E+02
  23   2  20   1  2.41003690E+02
  24   2  20   1  2.07704493E+02
  25   2  20   1  1.80525298E+02
  26   2  20   1  1.58120437E+02
  27   2  20   1  1.39443727E+02
  28   2  20   1  1.23714943E+02
  29   2  20   1  1.10348976E+02
  30   2  20   1  9.89005590E+01
  21   1   3   2  1.48191556E+03
  21   1   4   2  1.59062776E+03
  21   1   5   2  1.41044242E+03
  21   1   6   2  1.19951869E+03
  21   1   7   2  1.01467667E+03
  21   1   8   2  8.63701352E+02
  21   1   9   2  7.42765784E+02
  21   1  10   2  6.46174959E+02
  21   1  11   2  5.68823069E+02
  21   1  12   2  5.06653445E+02
  21   1  13   2  4.56587124E+02
  21   1  14   2  4.16346474E+02
  21   1  15   2  3.84297403E+02
  21   1  16   2  3.59339827E+02
  21   1  17   2  3.40850179E+02
  21   1  18   2  3.28643664E+02
  21   1  19   2  3.22622100E+02
  21   1  20   2  3.17696618E+02
  21   2  21   1  1.01489302E-16
  22   2  21   1  2.52155810E+02
  23   2  21   1  2.20277672E+02
  24   2  21   1  1.89350101E+02
  25   2  21   1  1.63866115E+02
  26   2  21   1  1.42984387E+02
  27   2  21   1  1.25703724E+02
  28   2  21   1  1.11243207E+02
  29   2  21   1  9.90195367E+01
  30   2  21   1  8.85945369E+01
  22   1   3   2  1.28679843E+03
  22   1   4   2  1.38007151E+03
  22   1   5   2  1.22252759E+03
  22   1   6   2  1.03848030E+03
  22   1   7   2  8.77233437E+02
  22   1   8   2  7.45492094E+02
  22   1   9   2  6.39885321E+02
  22   1  10   2  5.55427807E+02
  22   1  11   2  4.87650156E+02
  22   1  12   2  4.32993643E+02
  22   1  13   2  3.88743372E+02
  22   1  14   2  3.52868958E+02
  22   1  15   2  3.23878566E+02
  22   1  16   2  3.00710467E+02
  22   1  17   2  2.82665417E+02
  22   1  18   2  2.69377370E+02
  22   1  19   2  2.60794702E+02
  22   1  20   2  2.56904070E+02
  22   1  21   2  2.53659321E+02
  22   2  22   1  8.12562031E-17
  23   2  22   1  1.98746114E+02
  24   2  22   1  1.74303132E+02
  25   2  22   1  1.50420896E+02
  26   2  22   1  1.30670986E+02
  27   2  22   1  1.14431633E+02
  28   2  22   1  1.00945843E+02
  29   2  22   1  8.96217224E+01
  30   2  22   1  8.00166940E+01
  23   1   3   2  1.12455875E+03
  23   1   4   2  1.20521624E+03
  23   1   5   2  1.06671559E+03
  23   1   6   2  9.05199838E+02
  23   1   7   2  7.63730275E+02
  23   1   8   2  6.48125510E+02
  23   1   9   2  5.55404298E+02
  23   1  10   2  4.81181051E+02
  23   1  11   2  4.21525208E+02
  23   1  12   2  3.73303139E+02
  23   1  13   2  3.34116839E+02
  23   1  14   2  3.02161308E+02
  23   1  15   2  2.76092367E+02
  23   1  16   2  2.54925105E+02
  23   1  17   2  2.37964247E+02
  23   1  18   2  2.24764836E+02
  23   1  19   2  2.15119479E+02
  23   1  20   2  2.09050879E+02
  23   1  21   2  2.06591931E+02
  23   1  22   2  2.04490366E+02
  23   2  23   1  6.57403703E-17
  24   2  23   1  1.58347187E+02
  25   2  23   1  1.39369536E+02
  26   2  23   1  1.20706924E+02
  27   2  23   1  1.05224120E+02
  28   2  23   1  9.24540966E+01
  29   2  23   1  8.18161419E+01
  30   2  23   1  7.28552952E+01
  24   1   3   2  9.88539883E+02
  24   1   4   2  1.05878306E+03
  24   1   5   2  9.36405747E+02
  24   1   6   2  7.93912613E+02
  24   1   7   2  6.69136504E+02
  24   1   8   2  5.67160975E+02
  24   1   9   2  4.85338825E+02
  24   1  10   2  4.19793695E+02
  24   1  11   2  3.67052895E+02
  24   1  12   2  3.24345821E+02
  24   1  13   2  2.89548187E+02
  24   1  14   2  2.61054689E+02
  24   1  15   2  2.37660295E+02
  24   1  16   2  2.18467507E+02
  24   1  17   2  2.02819764E+02
  24   1  18   2  1.90258530E+02
  24   1  19   2  1.80501222E+02
  24   1  20   2  1.73438275E+02
  24   1  21   2  1.69131805E+02
  24   1  22   2  1.67638217E+02
  24   1  23   2  1.66317458E+02
  24   2  24   1  5.37183885E-17
  25   2  24   1  1.27408779E+02
  26   2  24   1  1.12505421E+02
  27   2  24   1  9.77621570E+01
  28   2  24   1  8.54961948E+01
  29   2  24   1  7.53515076E+01
  30   2  24   1  6.68767136E+01
  25   1   3   2  8.73642049E+02
  25   1   4   2  9.35208404E+02
  25   1   5   2  8.26567250E+02
  25   1   6   2  7.00239985E+02
  25   1   7   2  5.89646671E+02
  25   1   8   2  4.99255866E+02
  25   1   9   2  4.26707757E+02
  25   1  10   2  3.68560575E+02
  25   1  11   2  3.21732448E+02
  25   1  12   2  2.83763566E+02
  25   1  13   2  2.52765635E+02
  25   1  14   2  2.27308111E+02
  25   1  15   2  2.06311849E+02
  25   1  16   2  1.88965294E+02
  25   1  17   2  1.74662882E+02
  25   1  18   2  1.62962784E+02
  25   1  19   2  1.53560720E+02
  25   1  20   2  1.46278645E+02
  25   1  21   2  1.41067038E+02
  25   1  22   2  1.38006803E+02
  25   1  23   2  1.37164643E+02
  25   1  24   2  1.36378108E+02
  25   2  25   1  4.39512494E-17
  26   2  25   1  1.03445394E+02
  27   2  25   1  9.16186909E+01
  28   2  25   1  7.98547901E+01
  29   2  25   1  7.00429223E+01
  30   2  25   1  6.19079348E+01
  26   1   3   2  7.75912787E+02
  26   1   4   2  8.30189199E+02
  26   1   5   2  7.33318726E+02
  26   1   6   2  6.20813848E+02
  26   1   7   2  5.22344006E+02
  26   1   8   2  4.41859030E+02
  26   1   9   2  3.77247344E+02
  26   1  10   2  3.25439982E+02
  26   1  11   2  2.83690238E+02
  26   1  12   2  2.49805349E+02
  26   1  13   2  2.22100699E+02
  26   1  14   2  1.99297970E+02
  26   1  15   2  1.80429812E+02
  26   1  16   2  1.64764373E+02
  26   1  17   2  1.51749155E+02
  26   1  18   2  1.40971242E+02
  26   1  19   2  1.32130583E+02
  26   1  20   2  1.25024480E+02
  26   1  21   2  1.19542567E+02
  26   1  22   2  1.15671769E+02
  26   1  23   2  1.13499831E+02
  26   1  24   2  1.13095984E+02
  26   1  25   2  1.12674606E+02
  26   2  26   1  3.64539476E-17
  27   2  26   1  8.46902549E+01
  28   2  26   1  7.52144769E+01
  29   2  26   1  6.57411635E+01
  30   2  26   1  5.78220892E+01
  27   1   3   2  6.92256456E+02
  27   1   4   2  7.40361266E+02
  27   1   5   2  6.53632355E+02
  27   1   6   2  5.53013672E+02
  27   1   7   2  4.64966216E+02
  27   1   8   2  3.92999066E+02
  27   1   9   2  3.35215949E+02
  27   1  10   2  2.88869296E+02
  27   1  11   2  2.51501236E+02
  27   1  12   2  2.21149407E+02
  27   1  13   2  1.96305428E+02
  27   1  14   2  1.75823478E+02
  27   1  15   2  1.58834678E+02
  27   1  16   2  1.44679143E+02
  27   1  17   2  1.32855106E+02
  27   1  18   2  1.22982239E+02
  27   1  19   2  1.14776054E+02
  27   1  20   2  1.08031182E+02
  27   1  21   2  1.02612405E+02
  27   1  22   2  9.84533970E+01
  27   1  23   2  9.55626784E+01
  27   1  24   2  9.40280988E+01
  27   1  25   2  9.39170088E+01
  27   1  26   2  9.37440241E+01
  27   2  27   1  3.02065786E-17
  28   2  27   1  6.98698368E+01
  29   2  27   1  6.22101108E+01
  30   2  27   1  5.45163100E+01
  28   1   3   2  6.20224678E+02
  28   1   4   2  6.63068098E+02
  28   1   5   2  5.85121882E+02
  28   1   6   2  4.94778986E+02
  28   1   7   2  4.15739397E+02
  28   1   8   2  3.51135177E+02
  28   1   9   2  2.99257553E+02
  28   1  10   2  2.57637384E+02
  28   1  11   2  2.24066883E+02
  28   1  12   2  1.96783325E+02
  28   1  13   2  1.74431326E+02
  28   1  14   2  1.55980542E+02
  28   1  15   2  1.40648570E+02
  28   1  16   2  1.27839688E+02
  28   1  17   2  1.17098826E+02
  28   1  18   2  1.08078036E+02
  28   1  19   2  1.00512637E+02
  28   1  20   2  9.42047380E+01
  28   1  21   2  8.90128422E+01
  28   1  22   2  8.48470089E+01
  28   1  23   2  8.16694815E+01
  28   1  24   2  7.95012993E+01
  28   1  25   2  7.84263667E+01
  28   1  26   2  7.85082049E+01
  28   1  27   2  7.85025734E+01
  28   2  28   1  2.53434659E-17
  29   2  28   1  5.80542564E+01
  30   2  28   1  5.18115814E+01
  29   1   3   2  5.57863688E+02
  29   1   4   2  5.96192881E+02
  29   1   5   2  5.25889130E+02
  29   1   6   2  4.44474145E+02
  29   1   7   2  3.73258809E+02
  29   1   8   2  3.15050705E+02
  29   1   9   2  2.68305000E+02
  29   1  10   2  2.30794870E+02
  29   1  11   2  2.00530054E+02
  29   1  12   2  1.75921552E+02
  29   1  13   2  1.55747290E+02
  29   1  14   2  1.39077806E+02
  29   1  15   2  1.25206627E+02
  29   1  16   2  1.13594915E+02
  29   1  17   2  1.03829798E+02
  29   1  18   2  9.55938277E+01
  29   1  19   2  8.86430171E+01
  29   1  20   2  8.27912350E+01
  29   1  21   2  7.78996302E+01
  29   1  22   2  7.38702803E+01
  29   1  23   2  7.06437472E+01
  29   1  24   2  6.82008997E+01
  29   1  25   2  6.65693768E+01
  29   1  26   2  6.58273055E+01
  29   1  27   2  6.60333679E+01
  29   1  28   2  6.61386227E+01
  29   2  29   1  2.13881831E-17
  30   2  29   1  4.85564250E+01
  30   1   3   2  5.03601396E+02
  30   1   4   2  5.38034504E+02
  30   1   5   2  4.74411052E+02
  30   1   6   2  4.00789160E+02
  30   1   7   2  3.36401835E+02
  30   1   8   2  2.83775807E+02
  30   1   9   2  2.41510143E+02
  30   1  10   2  2.07589830E+02
  30   1  11   2  1.80214652E+02
  30   1  12   2  1.57947415E+02
  30   1  13   2  1.39682644E+02
  30   1  14   2  1.24579271E+02
  30   1  15   2  1.11997580E+02
  30   1  16   2  1.01449069E+02
  30   1  17   2  9.25586608E+01
  30   1  18   2  8.50368946E+01
  30   1  19   2  7.86598259E+01
  30   1  20   2  7.32544965E+01
  30   1  21   2  6.86887522E+01
  30   1  22   2  6.48644442E+01
  30   1  23   2  6.17136385E+01
  30   1  24   2  5.91975160E+01
  30   1  25   2  5.73091391E+01
  30   1  26   2  5.60789013E+01
  30   1  27   2  5.55785392E+01
  30   1  28   2  5.58614877E+01
  30   1  29   2  5.60382230E+01
  30   2  30   1  1.80617554E-17
   4   3   3   2  1.37954633E+07
   5   3   3   2  4.54461521E+06
   6   3   3   2  2.14720244E+06
   7   3   3   2  1.20770326E+06
   8   3   3   2  7.54291283E+05
   9   3   3   2  5.05585681E+05
  10   3   3   2  3.56687765E+05
  11   3   3   2  2.61650586E+05
  12   3   3   2  1.97940234E+05
  13   3   3   2  1.53534828E+05
  14   3   3   2  1.21587273E+05
  15   3   3   2  9.79879459E+04
  16   3   3   2  8.01617699E+04
  17   3   3   2  6.64359977E+04
  18   3   3   2  5.56901962E+04
  19   3   3   2  4.71537824E+04
  20   3   3   2  4.02844327E+04
  21   3   3   2  3.46926511E+04
  22   3   3   2  3.00936241E+04
  23   3   3   2  2.62757097E+04
  24   3   3   2  2.30793468E+04
  25   3   3   2  2.03826556E+04
  26   3   3   2  1.80914219E+04
  27   3   3   2  1.61320248E+04
  28   3   3   2  1.44463555E+04
  29   3   3   2  1.29881287E+04
  30   3   3   2  1.17201614E+04
   4   3   4   2  8.58858488E-16
   5   3   4   2  2.58581782E+06
   6   3   4   2  1.28768033E+06
   7   3   4   2  7.34389360E+05
   8   3   4   2  4.61313062E+05
   9   3   4   2  3.10121648E+05
  10   3   4   2  2.19168016E+05
  11   3   4   2  1.60950641E+05
  12   3   4   2  1.21852501E+05
  13   3   4   2  9.45678011E+04
  14   3   4   2  7.49203819E+04
  15   3   4   2  6.03974898E+04
  16   3   4   2  4.94218423E+04
  17   3   4   2  4.09674971E+04
  18   3   4   2  3.43465683E+04
  19   3   4   2  2.90855850E+04
  20   3   4   2  2.48511157E+04
  21   3   4   2  2.14035672E+04
  22   3   4   2  1.85676664E+04
  23   3   4   2  1.62131233E+04
  24   3   4   2  1.42416806E+04
  25   3   4   2  1.25782654E+04
  26   3   4   2  1.11648334E+04
  27   3   4   2  9.95601886E+03
  28   3   4   2  8.91600859E+03
  29   3   4   2  8.01627232E+03
  30   3   4   2  7.23388745E+03
   5   2   4   3  5.05043046E+04
   5   3   5   2  1.60849315E-15
   6   3   5   2  7.23649491E+05
   7   3   5   2  4.33351316E+05
   8   3   5   2  2.75507134E+05
   9   3   5   2  1.86074509E+05
  10   3   5   2  1.31797423E+05
  11   3   5   2  9.69087779E+04
  12   3   5   2  7.34233755E+04
  13   3   5   2  5.70109564E+04
  14   3   5   2  4.51817546E+04
  15   3   5   2  3.64324389E+04
  16   3   5   2  2.98172183E+04
  17   3   5   2  2.47199607E+04
  18   3   5   2  2.07271057E+04
  19   3   5   2  1.75537745E+04
  20   3   5   2  1.49992277E+04
  21   3   5   2  1.29191537E+04
  22   3   5   2  1.12079441E+04
  23   3   5   2  9.78707166E+03
  24   3   5   2  8.59730155E+03
  25   3   5   2  7.59336724E+03
  26   3   5   2  6.74026400E+03
  27   3   5   2  6.01062950E+03
  28   3   5   2  5.38286061E+03
  29   3   5   2  4.83974560E+03
  30   3   5   2  4.36745455E+03
   6   2   4   3  2.14613599E+04
   6   2   5   3  3.91008948E+04
   6   3   6   2  1.66667264E-15
   7   3   6   2  2.59553052E+05
   8   3   6   2  1.72665192E+05
   9   3   6   2  1.17825031E+05
  10   3   6   2  8.37597704E+04
  11   3   6   2  6.16849011E+04
  12   3   6   2  4.67723928E+04
  13   3   6   2  3.63325322E+04
  14   3   6   2  2.88007465E+04
  15   3   6   2  2.32268222E+04
  16   3   6   2  1.90110220E+04
  17   3   6   2  1.57619015E+04
  18   3   6   2  1.32164021E+04
  19   3   6   2  1.11931765E+04
  20   3   6   2  9.56437251E+03
  21   3   6   2  8.23804438E+03
  22   3   6   2  7.14688863E+03
  23   3   6   2  6.24085159E+03
  24   3   6   2  5.48217191E+03
  25   3   6   2  4.84199012E+03
  26   3   6   2  4.29798763E+03
  27   3   6   2  3.83271768E+03
  28   3   6   2  3.43240521E+03
  29   3   6   2  3.08607498E+03
  30   3   6   2  2.78490809E+03
   7   2   4   3  1.12453470E+04
   7   2   5   3  1.91305604E+04
   7   2   6   3  2.52521772E+04
   7   3   7   2  1.60857092E-15
   8   3   7   2  1.10168068E+05
   9   3   7   2  7.84257917E+04
  10   3   7   2  5.62444537E+04
  11   3   7   2  4.15346000E+04
  12   3   7   2  3.15246127E+04
  13   3   7   2  2.44970100E+04
  14   3   7   2  1.94208599E+04
  15   3   7   2  1.56622659E+04
  16   3   7   2  1.28188762E+04
  17   3   7   2  1.06273412E+04
  18   3   7   2  8.91042398E+03
  19   3   7   2  7.54584565E+03
  20   3   7   2  6.44736211E+03
  21   3   7   2  5.55293790E+03
  22   3   7   2  4.81715974E+03
  23   3   7   2  4.20625330E+03
  24   3   7   2  3.69473938E+03
  25   3   7   2  3.26314627E+03
  26   3   7   2  2.89641642E+03
  27   3   7   2  2.58277997E+03
  28   3   7   2  2.31294472E+03
  29   3   7   2  2.07950771E+03
  30   3   7   2  1.87652085E+03
   8   2   4   3  6.71001328E+03
   8   2   5   3  1.08898450E+04
   8   2   6   3  1.36267210E+04
   8   2   7   3  1.59399118E+04
   8   3   8   2  1.18442857E-15
   9   3   8   2  5.28057750E+04
  10   3   8   2  3.94039748E+04
  11   3   8   2  2.93172331E+04
  12   3   8   2  2.22949730E+04
  13   3   8   2  1.73328997E+04
  14   3   8   2  1.37411048E+04
  15   3   8   2  1.10798589E+04
  16   3   8   2  9.06643307E+03
  17   3   8   2  7.51479229E+03
  18   3   8   2  6.29944813E+03
  19   3   8   2  5.33374169E+03
  20   3   8   2  4.55653260E+03
  21   3   8   2  3.92384209E+03
  22   3   8   2  3.40347989E+03
  23   3   8   2  2.97151087E+03
  24   3   8   2  2.60988283E+03
  25   3   8   2  2.30480331E+03
  26   3   8   2  2.04560919E+03
  27   3   8   2  1.82396743E+03
  28   3   8   2  1.63330064E+03
  29   3   8   2  1.46836976E+03
  30   3   8   2  1.32496611E+03
   9   2   4   3  4.36108866E+03
   9   2   5   3  6.86693436E+03
   9   2   6   3  8.25258405E+03
   9   2   7   3  9.24752627E+03
   9   2   8   3  1.02056604E+04
   9   3   9   2  7.86914770E-16
  10   3   9   2  2.77437757E+04
  11   3   9   2  2.14294823E+04
  12   3   9   2  1.64003429E+04
  13   3   9   2  1.27661990E+04
  14   3   9   2  1.01207384E+04
  15   3   9   2  8.15785897E+03
  16   3   9   2  6.67263304E+03
  17   3   9   2  5.52842172E+03
  18   3   9   2  4.63261354E+03
  19   3   9   2  3.92114827E+03
  20   3   9   2  3.34881355E+03
  21   3   9   2  2.88309417E+03
  22   3   9   2  2.50020085E+03
  23   3   9   2  2.18245404E+03
  24   3   9   2  1.91652662E+03
  25   3   9   2  1.69224147E+03
  26   3   9   2  1.50173424E+03
  27   3   9   2  1.33886183E+03
  28   3   9   2  1.19877735E+03
  29   3   9   2  1.07762153E+03
  30   3   9   2  9.72295208E+02
  10   2   4   3  3.01055156E+03
  10   2   5   3  4.64479465E+03
  10   2   6   3  5.43453862E+03
  10   2   7   3  5.87697000E+03
  10   2   8   3  6.26065827E+03
  10   2   9   3  6.69370483E+03
  10   3  10   2  6.02330386E-16
  11   3  10   2  1.56595057E+04
  12   3  10   2  1.24176706E+04
  13   3  10   2  9.71794993E+03
  14   3  10   2  7.70915690E+03
  15   3  10   2  6.21146574E+03
  16   3  10   2  5.07737601E+03
  17   3  10   2  4.20403442E+03
  18   3  10   2  3.52078835E+03
  19   3  10   2  2.97856288E+03
  20   3  10   2  2.54268994E+03
  21   3  10   2  2.18824491E+03
  22   3  10   2  1.89700577E+03
  23   3  10   2  1.65544260E+03
  24   3  10   2  1.45336551E+03
  25   3  10   2  1.28299977E+03
  26   3  10   2  1.13834220E+03
  27   3  10   2  1.01470690E+03
  28   3  10   2  9.08399097E+02
  29   3  10   2  8.16478593E+02
  30   3  10   2  7.36585500E+02
  11   2   4   3  2.17355343E+03
  11   2   5   3  3.30554133E+03
  11   2   6   3  3.79695645E+03
  11   2   7   3  4.00788875E+03
  11   2   8   3  4.13534051E+03
  11   2   9   3  4.29259671E+03
  11   2  10   3  4.50511198E+03
  11   3  11   2  4.12170303E-16
  12   3  11   2  9.36173343E+03
  13   3  11   2  7.57842311E+03
  14   3  11   2  6.03891608E+03
  15   3  11   2  4.86627308E+03
  16   3  11   2  3.97473742E+03
  17   3  11   2  3.28811197E+03
  18   3  11   2  2.75142627E+03
  19   3  11   2  2.32598389E+03
  20   3  11   2  1.98435504E+03
  21   3  11   2  1.70681665E+03
  22   3  11   2  1.47896401E+03
  23   3  11   2  1.29011595E+03
  24   3  11   2  1.13223928E+03
  25   3  11   2  9.99212821E+02
  26   3  11   2  8.86315863E+02
  27   3  11   2  7.89867519E+02
  28   3  11   2  7.06968247E+02
  29   3  11   2  6.35312665E+02
  30   3  11   2  5.73051814E+02
  12   2   4   3  1.62470091E+03
  12   2   5   3  2.44489883E+03
  12   2   6   3  2.77147105E+03
  12   2   7   3  2.87633669E+03
  12   2   8   3  2.90260722E+03
  12   2   9   3  2.92648573E+03
  12   2  10   3  2.99544245E+03
  12   2  11   3  3.10822912E+03
  12   3  12   2  2.93187293E-16
  13   3  12   2  5.86666899E+03
  14   3  12   2  4.82856376E+03
  15   3  12   2  3.90544367E+03
  16   3  12   2  3.18880392E+03
  17   3  12   2  2.63507904E+03
  18   3  12   2  2.20249742E+03
  19   3  12   2  1.86005362E+03
  20   3  12   2  1.58547782E+03
  21   3  12   2  1.36271627E+03
  22   3  12   2  1.18005287E+03
  23   3  12   2  1.02881534E+03
  24   3  12   2  9.02494219E+02
  25   3  12   2  7.96138846E+02
  26   3  12   2  7.05937853E+02
  27   3  12   2  6.28924016E+02
  28   3  12   2  5.62763182E+02
  29   3  12   2  5.05601754E+02
  30   3  12   2  4.55954710E+02
  13   2   4   3  1.24859117E+03
  13   2   5   3  1.86396541E+03
  13   2   6   3  2.09226441E+03
  13   2   7   3  2.14488914E+03
  13   2   8   3  2.13068246E+03
  13   2   9   3  2.10432772E+03
  13   2  10   3  2.09676424E+03
  13   2  11   3  2.12965978E+03
  13   2  12   3  2.19414052E+03
  13   3  13   2  2.19080298E-16
  14   3  13   2  3.82373877E+03
  15   3  13   2  3.19022192E+03
  16   3  13   2  2.61275133E+03
  17   3  13   2  2.15738241E+03
  18   3  13   2  1.80074586E+03
  19   3  13   2  1.51873763E+03
  20   3  13   2  1.29303445E+03
  21   3  13   2  1.11025678E+03
  22   3  13   2  9.60624502E+02
  23   3  13   2  8.36910447E+02
  24   3  13   2  7.33703682E+02
  25   3  13   2  6.46899794E+02
  26   3  13   2  5.73346621E+02
  27   3  13   2  5.10595486E+02
  28   3  13   2  4.56723847E+02
  29   3  13   2  4.10207535E+02
  30   3  13   2  3.69827254E+02
  14   2   4   3  9.81577700E+02
  14   2   5   3  1.45629388E+03
  14   2   6   3  1.62240340E+03
  14   2   7   3  1.64791462E+03
  14   2   8   3  1.61820479E+03
  14   2   9   3  1.57474397E+03
  14   2  10   3  1.53899273E+03
  14   2  11   3  1.52443987E+03
  14   2  12   3  1.54194276E+03
  14   2  13   3  1.58145685E+03
  14   3  14   2  1.66535978E-16
  15   3  14   2  2.57647633E+03
  16   3  14   2  2.17410925E+03
  17   3  14   2  1.79956265E+03
  18   3  14   2  1.50034939E+03
  19   3  14   2  1.26332432E+03
  20   3  14   2  1.07394323E+03
  21   3  14   2  9.20927494E+02
  22   3  14   2  7.95930168E+02
  23   3  14   2  6.92779512E+02
  24   3  14   2  6.06866984E+02
  25   3  14   2  5.34708574E+02
  26   3  14   2  4.73637402E+02
  27   3  14   2  4.21587949E+02
  28   3  14   2  3.76942761E+02
  29   3  14   2  3.38422482E+02
  30   3  14   2  3.05005692E+02
  15   2   4   3  7.86426038E+02
  15   2   5   3  1.16104079E+03
  15   2   6   3  1.28586381E+03
  15   2   7   3  1.29679822E+03
  15   2   8   3  1.26232989E+03
  15   2   9   3  1.21507303E+03
  15   2  10   3  1.17099135E+03
  15   2  11   3  1.13887162E+03
  15   2  12   3  1.12512811E+03
  15   2  13   3  1.13573039E+03
  15   2  14   3  1.16151549E+03
  15   3  15   2  1.27373480E-16
  16   3  15   2  1.78625095E+03
  17   3  15   2  1.52180058E+03
  18   3  15   2  1.27117053E+03
  19   3  15   2  1.06875897E+03
  20   3  15   2  9.06855121E+02
  21   3  15   2  7.76332570E+02
  22   3  15   2  6.69995810E+02
  23   3  15   2  5.82461470E+02
  24   3  15   2  5.09711624E+02
  25   3  15   2  4.48719814E+02
  26   3  15   2  3.97179134E+02
  27   3  15   2  3.53309972E+02
  28   3  15   2  3.15723704E+02
  29   3  15   2  2.83325353E+02
  30   3  15   2  2.55243042E+02
  16   2   4   3  6.40283283E+02
  16   2   5   3  9.41541633E+02
  16   2   6   3  1.03785894E+03
  16   2   7   3  1.04080196E+03
  16   2   8   3  1.00627040E+03
  16   2   9   3  9.60561766E+02
  16   2  10   3  9.16122928E+02
  16   2  11   3  8.79196908E+02
  16   2  12   3  8.53579076E+02
  16   2  13   3  8.42633371E+02
  16   2  14   3  8.49937887E+02
  16   2  15   3  8.67712999E+02
  16   3  16   2  9.77787058E-17
  17   3  16   2  1.26935879E+03
  18   3  16   2  1.09032922E+03
  19   3  16   2  9.17997881E+02
  20   3  16   2  7.77536592E+02
  21   3  16   2  6.64249841E+02
  22   3  16   2  5.72209396E+02
  23   3  16   2  4.96676865E+02
  24   3  16   2  4.34076237E+02
  25   3  16   2  3.81718184E+02
  26   3  16   2  3.37562318E+02
  27   3  16   2  3.00042578E+02
  28   3  16   2  2.67942683E+02
  29   3  16   2  2.40307494E+02
  30   3  16   2  2.16379181E+02
  17   2   4   3  5.28554113E+02
  17   2   5   3  7.74722655E+02
  17   2   6   3  8.50705800E+02
  17   2   7   3  8.49255807E+02
  17   2   8   3  8.16651933E+02
  17   2   9   3  7.74492302E+02
  17   2  10   3  7.32788730E+02
  17   2  11   3  6.96270687E+02
  17   2  12   3  6.67405693E+02
  17   2  13   3  6.47948854E+02
  17   2  14   3  6.39855653E+02
  17   2  15   3  6.45436669E+02
  17   2  16   3  6.58270118E+02
  17   3  17   2  7.57635298E-17
  18   3  17   2  9.21738497E+02
  19   3  17   2  7.97362509E+02
  20   3  17   2  6.76006128E+02
  21   3  17   2  5.76317800E+02
  22   3  17   2  4.95340182E+02
  23   3  17   2  4.29102580E+02
  24   3  17   2  3.74395457E+02
  25   3  17   2  3.28779954E+02
  26   3  17   2  2.90410707E+02
  27   3  17   2  2.57879387E+02
  28   3  17   2  2.30098673E+02
  29   3  17   2  2.06219290E+02
  30   3  17   2  1.85570551E+02
  18   2   4   3  4.41598934E+02
  18   2   5   3  6.45526881E+02
  18   2   6   3  7.06600077E+02
  18   2   7   3  7.02781866E+02
  18   2   8   3  6.72849317E+02
  18   2   9   3  6.34799177E+02
  18   2  10   3  5.96861672E+02
  18   2  11   3  5.62777500E+02
  18   2  12   3  5.34291133E+02
  18   2  13   3  5.12378982E+02
  18   2  14   3  4.97930047E+02
  18   2  15   3  4.92197250E+02
  18   2  16   3  4.96765662E+02
  18   2  17   3  5.06389216E+02
  18   3  18   2  5.93501047E-17
  19   3  18   2  6.82189161E+02
  20   3  18   2  5.93792221E+02
  21   3  18   2  5.06508383E+02
  22   3  18   2  4.34329567E+02
  23   3  18   2  3.75335339E+02
  24   3  18   2  3.26792506E+02
  25   3  18   2  2.86471655E+02
  26   3  18   2  2.52669660E+02
  27   3  18   2  2.24091701E+02
  28   3  18   2  1.99744793E+02
  29   3  18   2  1.78858582E+02
  30   3  18   2  1.60828403E+02
  19   2   4   3  3.72865795E+02
  19   2   5   3  5.43821602E+02
  19   2   6   3  5.93702136E+02
  19   2   7   3  5.88678468E+02
  19   2   8   3  5.61580428E+02
  19   2   9   3  5.27583105E+02
  19   2  10   3  4.93562545E+02
  19   2  11   3  4.62565340E+02
  19   2  12   3  4.35904092E+02
  19   2  13   3  4.14165979E+02
  19   2  14   3  3.97735605E+02
  19   2  15   3  3.87118675E+02
  19   2  16   3  3.83186199E+02
  19   2  17   3  3.87078097E+02
  19   2  18   3  3.94517915E+02
  19   3  19   2  4.68567822E-17
  20   3  19   2  5.13514018E+02
  21   3  19   2  4.49406753E+02
  22   3  19   2  3.85436986E+02
  23   3  19   2  3.32234301E+02
  24   3  19   2  2.88516339E+02
  25   3  19   2  2.52355228E+02
  26   3  19   2  2.22166952E+02
  27   3  19   2  1.96736622E+02
  28   3  19   2  1.75137138E+02
  29   3  19   2  1.56654796E+02
  30   3  19   2  1.40733657E+02
  20   2   4   3  3.17789338E+02
  20   2   5   3  4.62605037E+02
  20   2   6   3  5.03911303E+02
  20   2   7   3  4.98357590E+02
  20   2   8   3  4.73993013E+02
  20   2   9   3  4.43743087E+02
  20   2  10   3  4.13426058E+02
  20   2  11   3  3.85575284E+02
  20   2  12   3  3.61223107E+02
  20   2  13   3  3.40748732E+02
  20   2  14   3  3.24300262E+02
  20   2  15   3  3.12031055E+02
  20   2  16   3  3.04267374E+02
  20   2  17   3  3.01653730E+02
  20   2  18   3  3.05039738E+02
  20   2  19   3  3.10932664E+02
  20   3  20   2  3.71627822E-17
  21   3  20   2  3.92439344E+02
  22   3  20   2  3.45102041E+02
  23   3  20   2  2.97422142E+02
  24   3  20   2  2.57571771E+02
  25   3  20   2  2.24672473E+02
  26   3  20   2  1.97334276E+02
  27   3  20   2  1.74408628E+02
  28   3  20   2  1.55012034E+02
  29   3  20   2  1.38468442E+02
  30   3  20   2  1.24255812E+02
  21   2   4   3  2.73118550E+02
  21   2   5   3  3.96926222E+02
  21   2   6   3  4.31547079E+02
  21   2   7   3  4.25856230E+02
  21   2   8   3  4.04013072E+02
  21   2   9   3  3.77123847E+02
  21   2  10   3  3.50163414E+02
  21   2  11   3  3.25271241E+02
  21   2  12   3  3.03285181E+02
  21   2  13   3  2.84465400E+02
  21   2  14   3  2.68846617E+02
  21   2  15   3  2.56422577E+02
  21   2  16   3  2.47260016E+02
  21   2  17   3  2.41594587E+02
  21   2  18   3  2.39924784E+02
  21   2  19   3  2.42901291E+02
  21   2  20   3  2.47660014E+02
  21   3  21   2  2.97681515E-17
  22   3  21   2  3.04021672E+02
  23   3  21   2  2.68497453E+02
  24   3  21   2  2.32415588E+02
  25   3  21   2  2.02130172E+02
  26   3  21   2  1.77025093E+02
  27   3  21   2  1.56078299E+02
  28   3  21   2  1.38441514E+02
  29   3  21   2  1.23460954E+02
  30   3  21   2  1.10635327E+02
  22   2   4   3  2.36493533E+02
  22   2   5   3  3.43212859E+02
  22   2   6   3  3.72539657E+02
  22   2   7   3  3.66937638E+02
  22   2   8   3  3.47367539E+02
  22   2   9   3  3.23446405E+02
  22   2  10   3  2.99465773E+02
  22   2  11   3  2.77254478E+02
  22   2  12   3  2.57508219E+02
  22   2  13   3  2.40414567E+02
  22   2  14   3  2.25953198E+02
  22   2  15   3  2.14047028E+02
  22   2  16   3  2.04646334E+02
  22   2  17   3  1.97788448E+02
  22   2  18   3  1.93658365E+02
  22   2  19   3  1.92653494E+02
  22   2  20   3  1.95282645E+02
  22   2  21   3  1.99185397E+02
  22   3  22   2  2.40413828E-17
  23   3  22   2  2.38441505E+02
  24   3  22   2  2.11390487E+02
  25   3  22   2  1.83707653E+02
  26   3  22   2  1.60386181E+02
  27   3  22   2  1.40984524E+02
  28   3  22   2  1.24737628E+02
  29   3  22   2  1.11008497E+02
  30   3  22   2  9.93055824E+01
  23   2   4   3  2.06171772E+02
  23   2   5   3  2.98840852E+02
  23   2   6   3  3.23917544E+02
  23   2   7   3  3.18530309E+02
  23   2   8   3  3.00984399E+02
  23   2   9   3  2.79664988E+02
  23   2  10   3  2.58302681E+02
  23   2  11   3  2.38476254E+02
  23   2  12   3  2.20773341E+02
  23   2  13   3  2.05334681E+02
  23   2  14   3  1.92113630E+02
  23   2  15   3  1.81003817E+02
  23   2  16   3  1.71905674E+02
  23   2  17   3  1.64766893E+02
  23   2  18   3  1.59617104E+02
  23   2  19   3  1.56609235E+02
  23   2  20   3  1.56066776E+02
  23   2  21   3  1.58394112E+02
  23   2  22   3  1.61635258E+02
  23   3  23   2  1.96151327E-17
  24   3  23   2  1.89110375E+02
  25   3  23   2  1.68237239E+02
  26   3  23   2  1.46731321E+02
  27   3  23   2  1.28555493E+02
  28   3  23   2  1.13386965E+02
  29   3  23   2  1.00643799E+02
  30   3  23   2  8.98403286E+01
  24   2   4   3  1.80846809E+02
  24   2   5   3  2.61851600E+02
  24   2   6   3  2.83474424E+02
  24   2   7   3  2.78367535E+02
  24   2   8   3  2.62612695E+02
  24   2   9   3  2.43566596E+02
  24   2  10   3  2.24494270E+02
  24   2  11   3  2.06769948E+02
  24   2  12   3  1.90896617E+02
  24   2  13   3  1.76983307E+02
  24   2  14   3  1.64971658E+02
  24   2  15   3  1.54745858E+02
  24   2  16   3  1.46187714E+02
  24   2  17   3  1.39206647E+02
  24   2  18   3  1.33760898E+02
  24   2  19   3  1.29879492E+02
  24   2  20   3  1.27692657E+02
  24   2  21   3  1.27467551E+02
  24   2  22   3  1.29529780E+02
  24   2  23   3  1.32249375E+02
  24   3  24   2  1.61716903E-17
  25   3  24   2  1.51523470E+02
  26   3  24   2  1.35222132E+02
  27   3  24   2  1.18323289E+02
  28   3  24   2  1.04001252E+02
  29   3  24   2  9.20156809E+01
  30   3  24   2  8.19174660E+01
  25   2   4   3  1.59525547E+02
  25   2   5   3  2.30762116E+02
  25   2   6   3  2.49547335E+02
  25   2   7   3  2.44749830E+02
  25   2   8   3  2.30575090E+02
  25   2   9   3  2.13514000E+02
  25   2  10   3  1.96441483E+02
  25   2  11   3  1.80562268E+02
  25   2  12   3  1.66311493E+02
  25   2  13   3  1.53775821E+02
  25   2  14   3  1.42892771E+02
  25   2  15   3  1.33546632E+02
  25   2  16   3  1.25615388E+02
  25   2  17   3  1.18994505E+02
  25   2  18   3  1.13611184E+02
  25   2  19   3  1.09436373E+02
  25   2  20   3  1.06500163E+02
  25   2  21   3  1.04915189E+02
  25   2  22   3  1.04904382E+02
  25   2  23   3  1.06732807E+02
  25   2  24   3  1.09034536E+02
  25   3  25   2  1.32424820E-17
  26   3  25   2  1.22547286E+02
  27   3  25   2  1.09675438E+02
  28   3  25   2  9.62572320E+01
  29   3  25   2  8.48574367E+01
  30   3  25   2  7.52939987E+01
  26   2   4   3  1.41443596E+02
  26   2   5   3  2.04434868E+02
  26   2   6   3  2.20865772E+02
  26   2   7   3  2.16384748E+02
  26   2   8   3  2.03602765E+02
  26   2   9   3  1.88276385E+02
  26   2  10   3  1.72950906E+02
  26   2  11   3  1.58689078E+02
  26   2  12   3  1.45870666E+02
  26   2  13   3  1.34565998E+02
  26   2  14   3  1.24712450E+02
  26   2  15   3  1.16198915E+02
  26   2  16   3  1.08906520E+02
  26   2  17   3  1.02728380E+02
  26   2  18   3  9.75800227E+01
  26   2  19   3  9.34064658E+01
  26   2  20   3  9.01898694E+01
  26   2  21   3  8.79610864E+01
  26   2  22   3  8.68182982E+01
  26   2  23   3  8.69490600E+01
  26   2  24   3  8.85710407E+01
  26   2  25   3  9.05335043E+01
  26   3  26   2  1.10632817E-17
  27   3  26   2  9.99676778E+01
  28   3  26   2  8.97006320E+01
  29   3  26   2  7.89432991E+01
  30   3  26   2  6.97847420E+01
  27   2   4   3  1.26005911E+02
  27   2   5   3  1.81987026E+02
  27   2   6   3  1.96447162E+02
  27   2   7   3  1.92276778E+02
  27   2   8   3  1.80722947E+02
  27   2   9   3  1.66915178E+02
  27   2  10   3  1.53118177E+02
  27   2  11   3  1.40274670E+02
  27   2  12   3  1.28718566E+02
  27   2  13   3  1.18507915E+02
  27   2  14   3  1.09582015E+02
  27   2  15   3  1.01836321E+02
  27   2  16   3  9.51582406E+01
  27   2  17   3  8.94440141E+01
  27   2  18   3  8.46068655E+01
  27   2  19   3  8.05815430E+01
  27   2  20   3  7.73281782E+01
  27   2  21   3  7.48376667E+01
  27   2  22   3  7.31408632E+01
  27   2  23   3  7.23236384E+01
  27   2  24   3  7.25448941E+01
  27   2  25   3  7.39846518E+01
  27   2  26   3  7.56685399E+01
  27   3  27   2  9.14667407E-18
  28   3  27   2  8.21974650E+01
  29   3  27   2  7.39316123E+01
  30   3  27   2  6.52307172E+01
  28   2   4   3  1.12744409E+02
  28   2   5   3  1.62726001E+02
  28   2   6   3  1.75523058E+02
  28   2   7   3  1.71650130E+02
  28   2   8   3  1.61180659E+02
  28   2   9   3  1.48705375E+02
  28   2  10   3  1.36248514E+02
  28   2  11   3  1.24650530E+02
  28   2  12   3  1.14206901E+02
  28   2  13   3  1.04966227E+02
  28   2  14   3  9.68707363E+01
  28   2  15   3  8.98231271E+01
  28   2  16   3  8.37183012E+01
  28   2  17   3  7.84580822E+01
  28   2  18   3  7.39578873E+01
  28   2  19   3  7.01498934E+01
  28   2  20   3  6.69850055E+01
  28   2  21   3  6.44352392E+01
  28   2  22   3  6.24979092E+01
  28   2  23   3  6.12030235E+01
  28   2  24   3  6.06259951E+01
  28   2  25   3  6.09019683E+01
  28   2  26   3  6.21810484E+01
  28   2  27   3  6.36340128E+01
  28   3  28   2  7.72117675E-18
  29   3  28   2  6.80837064E+01
  30   3  28   2  6.13716140E+01
  29   2   4   3  1.01287373E+02
  29   2   5   3  1.46103113E+02
  29   2   6   3  1.57486367E+02
  29   2   7   3  1.53893843E+02
  29   2   8   3  1.44383484E+02
  29   2   9   3  1.33080428E+02
  29   2  10   3  1.21801572E+02
  29   2  11   3  1.11299604E+02
  29   2  12   3  1.01837473E+02
  29   2  13   3  9.34563500E+01
  29   2  14   3  8.61018394E+01
  29   2  15   3  7.96838997E+01
  29   2  16   3  7.41051837E+01
  29   2  17   3  6.92740341E+01
  29   2  18   3  6.51101275E+01
  29   2  19   3  6.15468417E+01
  29   2  20   3  5.85322525E+01
  29   2  21   3  5.60300594E+01
  29   2  22   3  5.40212998E+01
  29   2  23   3  5.25077059E+01
  29   2  24   3  5.15179357E+01
  29   2  25   3  5.11182665E+01
  29   2  26   3  5.14241776E+01
  29   2  27   3  5.25616655E+01
  29   2  28   3  5.38216305E+01
  29   3  29   2  6.54307891E-18
  30   3  29   2  5.67785878E+01
  30   2   4   3  9.13369962E+01
  30   2   5   3  1.31679726E+02
  30   2   6   3  1.41852957E+02
  30   2   7   3  1.38522074E+02
  30   2   8   3  1.29861834E+02
  30   2   9   3  1.19592900E+02
  30   2  10   3  1.09352397E+02
  30   2  11   3  9.98172179E+01
  30   2  12   3  9.12225400E+01
  30   2  13   3  8.36035967E+01
  30   2  14   3  7.69094865E+01
  30   2  15   3  7.10571287E+01
  30   2  16   3  6.59567076E+01
  30   2  17   3  6.15232562E+01
  30   2  18   3  5.76815394E+01
  30   2  19   3  5.43679241E+01
  30   2  20   3  5.15308605E+01
  30   2  21   3  4.91310923E+01
  30   2  22   3  4.71421513E+01
  30   2  23   3  4.55517458E+01
  30   2  24   3  4.43644620E+01
  30   2  25   3  4.36073930E+01
  30   2  26   3  4.33386726E+01
  30   2  27   3  4.36575170E+01
  30   2  28   3  4.46702646E+01
  30   2  29   3  4.57677850E+01
  30   3  30   2  5.51449725E-18
   5   4   4   3  4.25649033E+06
   6   4   4   3  1.37352566E+06
   7   4   4   3  6.46196681E+05
   8   4   4   3  3.64494269E+05
   9   4   4   3  2.29012903E+05
  10   4   4   3  1.54615881E+05
  11   4   4   3  1.09911970E+05
  12   4   4   3  8.12349977E+04
  13   4   4   3  6.19005864E+04
  14   4   4   3  4.83436847E+04
  15   4   4   3  3.85310927E+04
  16   4   4   3  3.12394846E+04
  17   4   4   3  2.56998646E+04
  18   4   4   3  2.14108474E+04
  19   4   4   3  1.80352482E+04
  20   4   4   3  1.53401947E+04
  21   4   4   3  1.31610954E+04
  22   4   4   3  1.13792346E+04
  23   4   4   3  9.90743454E+03
  24   4   4   3  8.68064340E+03
  25   4   4   3  7.64961712E+03
  26   4   4   3  6.77659030E+03
  27   4   4   3  6.03225830E+03
  28   4   4   3  5.39363485E+03
  29   4   4   3  4.84251229E+03
  30   4   4   3  4.36433636E+03
   5   4   5   3  3.18871352E-17
   6   4   5   3  1.10629388E+06
   7   4   5   3  5.48455817E+05
   8   4   5   3  3.13644012E+05
   9   4   5   3  1.98177110E+05
  10   4   5   3  1.34182853E+05
  11   4   5   3  9.55468562E+04
  12   4   5   3  7.06934374E+04
  13   4   5   3  5.39071737E+04
  14   4   5   3  4.21227770E+04
  15   4   5   3  3.35857969E+04
  16   4   5   3  2.72380375E+04
  17   4   5   3  2.24131395E+04
  18   4   5   3  1.86760719E+04
  19   4   5   3  1.57339837E+04
  20   4   5   3  1.33844638E+04
  21   4   5   3  1.14843620E+04
  22   4   5   3  9.93037575E+03
  23   4   5   3  8.64661435E+03
  24   4   5   3  7.57642883E+03
  25   4   5   3  6.67692356E+03
  26   4   5   3  5.91519359E+03
  27   4   5   3  5.26570038E+03
  28   4   5   3  4.70840804E+03
  29   4   5   3  4.22744340E+03
  30   4   5   3  3.81011643E+03
   6   3   5   4  1.13790297E+04
   6   4   6   3  1.10747051E-16
   7   4   6   3  3.76567317E+05
   8   4   6   3  2.26344523E+05
   9   4   6   3  1.44812280E+05
  10   4   6   3  9.85305942E+04
  11   4   6   3  7.03278971E+04
  12   4   6   3  5.21039781E+04
  13   4   6   3  3.97644389E+04
  14   4   6   3  3.10884831E+04
  15   4   6   3  2.47970631E+04
  16   4   6   3  2.01157937E+04
  17   4   6   3  1.65558320E+04
  18   4   6   3  1.37974997E+04
  19   4   6   3  1.16253394E+04
  20   4   6   3  9.89030063E+03
  21   4   6   3  8.48690070E+03
  22   4   6   3  7.33897994E+03
  23   4   6   3  6.39056506E+03
  24   4   6   3  5.59986087E+03
  25   4   6   3  4.93521082E+03
  26   4   6   3  4.37232604E+03
  27   4   6   3  3.89235170E+03
  28   4   6   3  3.48049325E+03
  29   4   6   3  3.12502831E+03
  30   4   6   3  2.81658425E+03
   7   3   5   4  4.65356775E+03
   7   3   6   4  1.11083436E+04
   7   4   7   3  2.32766923E-16
   8   4   7   3  1.53681662E+05
   9   4   7   3  1.03078447E+05
  10   4   7   3  7.09255300E+04
  11   4   7   3  5.08343663E+04
  12   4   7   3  3.77334009E+04
  13   4   7   3  2.88258505E+04
  14   4   7   3  2.25493669E+04
  15   4   7   3  1.79922876E+04
  16   4   7   3  1.45989123E+04
  17   4   7   3  1.20170880E+04
  18   4   7   3  1.00159778E+04
  19   4   7   3  8.43976278E+03
  20   4   7   3  7.18053772E+03
  21   4   7   3  6.16188289E+03
  22   4   7   3  5.32859389E+03
  23   4   7   3  4.64008290E+03
  24   4   7   3  4.06603443E+03
  25   4   7   3  3.58348187E+03
  26   4   7   3  3.17480087E+03
  27   4   7   3  2.82630832E+03
  28   4   7   3  2.52726651E+03
  29   4   7   3  2.26916684E+03
  30   4   7   3  2.04520574E+03
   8   3   5   4  2.38966991E+03
   8   3   6   4  5.23967118E+03
   8   3   7   4  8.47348892E+03
   8   4   8   3  1.85168797E-16
   9   4   8   3  7.14368710E+04
  10   4   8   3  5.14060948E+04
  11   4   8   3  3.72151979E+04
  12   4   8   3  2.77192136E+04
  13   4   8   3  2.12061178E+04
  14   4   8   3  1.65998443E+04
  15   4   8   3  1.32494864E+04
  16   4   8   3  1.07523763E+04
  17   4   8   3  8.85151133E+03
  18   4   8   3  7.37778203E+03
  19   4   8   3  6.21678699E+03
  20   4   8   3  5.28919903E+03
  21   4   8   3  4.53879184E+03
  22   4   8   3  3.92492739E+03
  23   4   8   3  3.41771750E+03
  24   4   8   3  2.99483351E+03
  25   4   8   3  2.63935721E+03
  26   4   8   3  2.33830459E+03
  27   4   8   3  2.08159462E+03
  28   4   8   3  1.86131614E+03
  29   4   8   3  1.67120016E+03
  30   4   8   3  1.50623398E+03
   9   3   5   4  1.41119581E+03
   9   3   6   4  2.92414651E+03
   9   3   7   4  4.41545483E+03
   9   3   8   4  6.06507878E+03
   9   4   9   3  1.50886604E-16
  10   4   9   3  3.66161835E+04
  11   4   9   3  2.76615175E+04
  12   4   9   3  2.07879370E+04
  13   4   9   3  1.59477991E+04
  14   4   9   3  1.24962855E+04
  15   4   9   3  9.97779535E+03
  16   4   9   3  8.09813652E+03
  17   4   9   3  6.66644192E+03
  18   4   9   3  5.55619199E+03
  19   4   9   3  4.68148505E+03
  20   4   9   3  3.98264258E+03
  21   4   9   3  3.41732202E+03
  22   4   9   3  2.95490333E+03
  23   4   9   3  2.57286014E+03
  24   4   9   3  2.25436163E+03
  25   4   9   3  1.98665489E+03
  26   4   9   3  1.75995285E+03
  27   4   9   3  1.56665713E+03
  28   4   9   3  1.40080524E+03
  29   4   9   3  1.25767281E+03
  30   4   9   3  1.13348254E+03
  10   3   5   4  9.12808796E+02
  10   3   6   4  1.82385208E+03
  10   3   7   4  2.62241948E+03
  10   3   8   4  3.40344850E+03
  10   3   9   4  4.28476780E+03
  10   4  10   3  1.44505402E-16
  11   4  10   3  2.02505218E+04
  12   4  10   3  1.58490607E+04
  13   4  10   3  1.22556213E+04
  14   4  10   3  9.62423344E+03
  15   4  10   3  7.68928029E+03
  16   4  10   3  6.24127157E+03
  17   4  10   3  5.13731844E+03
  18   4  10   3  4.28100419E+03
  19   4  10   3  3.60637808E+03
  20   4  10   3  3.06746862E+03
  21   4  10   3  2.63160853E+03
  22   4  10   3  2.27515884E+03
  23   4  10   3  1.98072513E+03
  24   4  10   3  1.73531105E+03
  25   4  10   3  1.52907033E+03
  26   4  10   3  1.35444797E+03
  27   4  10   3  1.20557970E+03
  28   4  10   3  1.07786482E+03
  29   4  10   3  9.67658733E+02
  30   4  10   3  8.72048066E+02
  11   3   5   4  6.29179441E+02
  11   3   6   4  1.22647585E+03
  11   3   7   4  1.70740010E+03
  11   3   8   4  2.12199722E+03
  11   3   9   4  2.54666150E+03
  11   3  10   4  3.04191850E+03
  11   4  11   3  1.04753453E-16
  12   4  11   3  1.19009641E+04
  13   4  11   3  9.56685003E+03
  14   4  11   3  7.56573387E+03
  15   4  11   3  6.05460986E+03
  16   4  11   3  4.91567145E+03
  17   4  11   3  4.04549374E+03
  18   4  11   3  3.37016890E+03
  19   4  11   3  2.83817171E+03
  20   4  11   3  2.41332216E+03
  21   4  11   3  2.06983528E+03
  22   4  11   3  1.78903216E+03
  23   4  11   3  1.55716480E+03
  24   4  11   3  1.36396274E+03
  25   4  11   3  1.20164738E+03
  26   4  11   3  1.06425256E+03
  27   4  11   3  9.47149193E+02
  28   4  11   3  8.46707085E+02
  29   4  11   3  7.60051574E+02
  30   4  11   3  6.84885573E+02
  12   3   5   4  4.54457901E+02
  12   3   6   4  8.70446846E+02
  12   3   7   4  1.18503666E+03
  12   3   8   4  1.43041780E+03
  12   3   9   4  1.65109914E+03
  12   3  10   4  1.89306867E+03
  12   3  11   4  2.18514632E+03
  12   4  12   3  8.43860571E-17
  13   4  12   3  7.34988006E+03
  14   4  12   3  6.03281272E+03
  15   4  12   3  4.85794475E+03
  16   4  12   3  3.94867331E+03
  17   4  12   3  3.24942345E+03
  18   4  12   3  2.70588626E+03
  19   4  12   3  2.27767037E+03
  20   4  12   3  1.93583962E+03
  21   4  12   3  1.65962550E+03
  22   4  12   3  1.43394675E+03
  23   4  12   3  1.24769718E+03
  24   4  12   3  1.09258176E+03
  25   4  12   3  9.62321441E+02
  26   4  12   3  8.52103394E+02
  27   4  12   3  7.58195916E+02
  28   4  12   3  6.77674475E+02
  29   4  12   3  6.08224631E+02
  30   4  12   3  5.47998006E+02
  13   3   5   4  3.40254486E+02
  13   3   6   4  6.43286544E+02
  13   3   7   4  8.61803003E+02
  13   3   8   4  1.01923058E+03
  13   3   9   4  1.14544259E+03
  13   3  10   4  1.26749525E+03
  13   3  11   4  1.41210215E+03
  13   3  12   4  1.59213571E+03
  13   4  13   3  7.10357161E-17
  14   4  13   3  4.73047731E+03
  15   4  13   3  3.94791438E+03
  16   4  13   3  3.22659036E+03
  17   4  13   3  2.65709233E+03
  18   4  13   3  2.21180026E+03
  19   4  13   3  1.86061615E+03
  20   4  13   3  1.58037180E+03
  21   4  13   3  1.35408854E+03
  22   4  13   3  1.16935498E+03
  23   4  13   3  1.01701471E+03
  24   4  13   3  8.90229285E+02
  25   4  13   3  7.83826085E+02
  26   4  13   3  6.93844226E+02
  27   4  13   3  6.17215727E+02
  28   4  13   3  5.51538587E+02
  29   4  13   3  4.94913626E+02
  30   4  13   3  4.45825372E+02
  14   3   5   4  2.62097314E+02
  14   3   6   4  4.90632345E+02
  14   3   7   4  6.49436769E+02
  14   3   8   4  7.56730162E+02
  14   3   9   4  8.34515043E+02
  14   3  10   4  9.00861976E+02
  14   3  11   4  9.71329827E+02
  14   3  12   4  1.06177070E+03
  14   3  13   4  1.17723936E+03
  14   4  14   3  5.79329591E-17
  15   4  14   3  3.15259003E+03
  16   4  14   3  2.66690536E+03
  17   4  14   3  2.20677166E+03
  18   4  14   3  1.83750011E+03
  19   4  14   3  1.54473892E+03
  20   4  14   3  1.31099601E+03
  21   4  14   3  1.12240218E+03
  22   4  14   3  9.68599879E+02
  23   4  14   3  8.41901304E+02
  24   4  14   3  7.36558683E+02
  25   4  14   3  6.48227454E+02
  26   4  14   3  5.73585154E+02
  27   4  14   3  5.10062031E+02
  28   4  14   3  4.55649004E+02
  29   4  14   3  4.08759646E+02
  30   4  14   3  3.68129551E+02
  15   3   5   4  2.06611213E+02
  15   3   6   4  3.83778609E+02
  15   3   7   4  5.03317384E+02
  15   3   8   4  5.79929238E+02
  15   3   9   4  6.30722485E+02
  15   3  10   4  6.68949802E+02
  15   3  11   4  7.04787460E+02
  15   3  12   4  7.47319362E+02
  15   3  13   4  8.06309306E+02
  15   3  14   4  8.83040848E+02
  15   4  15   3  4.60996191E-17
  16   4  15   3  2.16460135E+03
  17   4  15   3  1.85173755E+03
  18   4  15   3  1.54836062E+03
  19   4  15   3  1.30157416E+03
  20   4  15   3  1.10362834E+03
  21   4  15   3  9.43919611E+02
  22   4  15   3  8.13824473E+02
  23   4  15   3  7.06801672E+02
  24   4  15   3  6.17934208E+02
  25   4  15   3  5.43504478E+02
  26   4  15   3  4.80673509E+02
  27   4  15   3  4.27249690E+02
  28   4  15   3  3.81522910E+02
  29   4  15   3  3.42145280E+02
  30   4  15   3  3.08044286E+02
  16   3   5   4  1.66022338E+02
  16   3   6   4  3.06483626E+02
  16   3   7   4  3.99025842E+02
  16   3   8   4  4.55782387E+02
  16   3   9   4  4.90504408E+02
  16   3  10   4  5.13482413E+02
  16   3  11   4  5.32070059E+02
  16   3  12   4  5.52026798E+02
  16   3  13   4  5.78858274E+02
  16   3  14   4  6.18826101E+02
  16   3  15   4  6.71449159E+02
  16   4  16   3  3.61964279E-17
  17   4  16   3  1.52505662E+03
  18   4  16   3  1.31693732E+03
  19   4  16   3  1.11107527E+03
  20   4  16   3  9.41712875E+02
  21   4  16   3  8.04522290E+02
  22   4  16   3  6.92829525E+02
  23   4  16   3  6.01088148E+02
  24   4  16   3  5.25036960E+02
  25   4  16   3  4.61439363E+02
  26   4  16   3  4.07825190E+02
  27   4  16   3  3.62291688E+02
  28   4  16   3  3.23357907E+02
  29   4  16   3  2.89859457E+02
  30   4  16   3  2.60871920E+02
  17   3   5   4  1.35581323E+02
  17   3   6   4  2.49034983E+02
  17   3   7   4  3.22336011E+02
  17   3   8   4  3.65653653E+02
  17   3   9   4  3.90287563E+02
  17   3  10   4  4.04516385E+02
  17   3  11   4  4.14006544E+02
  17   3  12   4  4.22818275E+02
  17   3  13   4  4.34315037E+02
  17   3  14   4  4.51984795E+02
  17   3  15   4  4.80000206E+02
  17   3  16   4  5.17113974E+02
  17   4  17   3  2.84980284E-17
  18   4  17   3  1.09893304E+03
  19   4  17   3  9.56559640E+02
  20   4  17   3  8.13294750E+02
  21   4  17   3  6.94308969E+02
  22   4  17   3  5.97112573E+02
  23   4  17   3  5.17361036E+02
  24   4  17   3  4.51377268E+02
  25   4  17   3  3.96306951E+02
  26   4  17   3  3.49963610E+02
  27   4  17   3  3.10665578E+02
  28   4  17   3  2.77107875E+02
  29   4  17   3  2.48267738E+02
  30   4  17   3  2.23335630E+02
  18   3   5   4  1.12264334E+02
  18   3   6   4  2.05355583E+02
  18   3   7   4  2.64530468E+02
  18   3   8   4  2.98411526E+02
  18   3   9   4  3.16434035E+02
  18   3  10   4  3.25416526E+02
  18   3  11   4  3.29905337E+02
  18   3  12   4  3.32980742E+02
  18   3  13   4  3.36935172E+02
  18   3  14   4  3.43817485E+02
  18   3  15   4  3.55937592E+02
  18   3  16   4  3.76173521E+02
  18   3  17   4  4.03007437E+02
  18   4  18   3  2.26241206E-17
  19   4  18   3  8.07728857E+02
  20   4  18   3  7.07907020E+02
  21   4  18   3  6.05953571E+02
  22   4  18   3  5.20598565E+02
  23   4  18   3  4.50371064E+02
  24   4  18   3  3.92356070E+02
  25   4  18   3  3.44048508E+02
  26   4  18   3  3.03487772E+02
  27   4  18   3  2.69161799E+02
  28   4  18   3  2.39900136E+02
  29   4  18   3  2.14788935E+02
  30   4  18   3  1.93107663E+02
  19   3   5   4  9.40781500E+01
  19   3   6   4  1.71496618E+02
  19   3   7   4  2.20040246E+02
  19   3   8   4  2.47089094E+02
  19   3   9   4  2.60620554E+02
  19   3  10   4  2.66345787E+02
  19   3  11   4  2.68010435E+02
  19   3  12   4  2.68065129E+02
  19   3  13   4  2.68207125E+02
  19   3  14   4  2.69776653E+02
  19   3  15   4  2.74080932E+02
  19   3  16   4  2.82713497E+02
  19   3  17   4  2.97720272E+02
  19   3  18   4  3.17554501E+02
  19   4  19   3  1.79846581E-17
  20   4  19   3  6.04222765E+02
  21   4  19   3  5.32695694E+02
  22   4  19   3  4.58685103E+02
  23   4  19   3  3.96302573E+02
  24   4  19   3  3.44657764E+02
  25   4  19   3  3.01740804E+02
  26   4  19   3  2.65802637E+02
  27   4  19   3  2.35465630E+02
  28   4  19   3  2.09661572E+02
  29   4  19   3  1.87559338E+02
  30   4  19   3  1.68506652E+02
  20   3   5   4  7.96694293E+01
  20   3   6   4  1.44808877E+02
  20   3   7   4  1.85181327E+02
  20   3   8   4  2.07153982E+02
  20   3   9   4  2.17540845E+02
  20   3  10   4  2.21187430E+02
  20   3  11   4  2.21237333E+02
  20   3  12   4  2.19702059E+02
  20   3  13   4  2.17910991E+02
  20   3  14   4  2.16823519E+02
  20   3  15   4  2.17256871E+02
  20   3  16   4  2.20084184E+02
  20   3  17   4  2.26445318E+02
  20   3  18   4  2.37832944E+02
  20   3  19   4  2.52783832E+02
  20   4  20   3  1.43074952E-17
  21   4  20   3  4.59143520E+02
  22   4  20   3  4.06888580E+02
  23   4  20   3  3.52198425E+02
  24   4  20   3  3.05834519E+02
  25   4  20   3  2.67245720E+02
  26   4  20   3  2.35011715E+02
  27   4  20   3  2.07883948E+02
  28   4  20   3  1.84874212E+02
  29   4  20   3  1.65213134E+02
  30   4  20   3  1.48299604E+02
  21   3   5   4  6.80955120E+01
  21   3   6   4  1.23465641E+02
  21   3   7   4  1.57443184E+02
  21   3   8   4  1.75560020E+02
  21   3   9   4  1.83687106E+02
  21   3  10   4  1.85978301E+02
  21   3  11   4  1.85108454E+02
  21   3  12   4  1.82764329E+02
  21   3  13   4  1.80027125E+02
  21   3  14   4  1.77630158E+02
  21   3  15   4  1.76134181E+02
  21   3  16   4  1.76060654E+02
  21   3  17   4  1.78018383E+02
  21   3  18   4  1.82848400E+02
  21   3  19   4  1.91664344E+02
  21   3  20   4  2.03132876E+02
  21   4  21   3  1.15093487E-17
  22   4  21   3  3.53855694E+02
  23   4  21   3  3.15012311E+02
  24   4  21   3  2.73947208E+02
  25   4  21   3  2.38962610E+02
  26   4  21   3  2.09709994E+02
  27   4  21   3  1.85163157E+02
  28   4  21   3  1.64412713E+02
  29   4  21   3  1.46736412E+02
  30   4  21   3  1.31570208E+02
  22   3   5   4  5.86850048E+01
  22   3   6   4  1.06177044E+02
  22   3   7   4  1.35070686E+02
  22   3   8   4  1.50202203E+02
  22   3   9   4  1.56668347E+02
  22   3  10   4  1.58061062E+02
  22   3  11   4  1.56681040E+02
  22   3  12   4  1.53964767E+02
  22   3  13   4  1.50814484E+02
  22   3  14   4  1.47816868E+02
  22   3  15   4  1.45385994E+02
  22   3  16   4  1.43862630E+02
  22   3  17   4  1.43595222E+02
  22   3  18   4  1.45024956E+02
  22   3  19   4  1.48788785E+02
  22   3  20   4  1.55733675E+02
  22   3  21   4  1.64669267E+02
  22   4  22   3  9.33349048E-18
  23   4  22   3  2.76208337E+02
  24   4  22   3  2.46880001E+02
  25   4  22   3  2.15596282E+02
  26   4  22   3  1.88832661E+02
  27   4  22   3  1.66364184E+02
  28   4  22   3  1.47434290E+02
  29   4  22   3  1.31368469E+02
  30   4  22   3  1.17629747E+02
  23   3   5   4  5.09502533E+01
  23   3   6   4  9.20131444E+01
  23   3   7   4  1.16809191E+02
  23   3   8   4  1.29590546E+02
  23   3   9   4  1.34811541E+02
  23   3  10   4  1.35601513E+02
  23   3  11   4  1.33956903E+02
  23   3  12   4  1.31115545E+02
  23   3  13   4  1.27844189E+02
  23   3  14   4  1.24627274E+02
  23   3  15   4  1.21787586E+02
  23   3  16   4  1.19565700E+02
  23   3  17   4  1.18177775E+02
  23   3  18   4  1.17867371E+02
  23   3  19   4  1.18964925E+02
  23   3  20   4  1.21963530E+02
  23   3  21   4  1.27518097E+02
  23   3  22   4  1.34578054E+02
  23   4  23   3  7.64101331E-18
  24   4  23   3  2.18106439E+02
  25   4  23   3  1.95647457E+02
  26   4  23   3  1.71500209E+02
  27   4  23   3  1.50767596E+02
  28   4  23   3  1.33301478E+02
  29   4  23   3  1.18533857E+02
  30   4  23   3  1.05956030E+02
  24   3   5   4  4.45308467E+01
  24   3   6   4  8.02910588E+01
  24   3   7   4  1.01744132E+02
  24   3   8   4  1.12648058E+02
  24   3   9   4  1.16919169E+02
  24   3  10   4  1.17301736E+02
  24   3  11   4  1.15541208E+02
  24   3  12   4  1.12714294E+02
  24   3  13   4  1.09481459E+02
  24   3  14   4  1.06251756E+02
  24   3  15   4  1.03286812E+02
  24   3  16   4  1.00767225E+02
  24   3  17   4  9.88374897E+01
  24   3  18   4  9.76412334E+01
  24   3  19   4  9.73557988E+01
  24   3  20   4  9.82357026E+01
  24   3  21   4  1.00669714E+02
  24   3  22   4  1.05171577E+02
  24   3  23   4  1.10819932E+02
  24   4  24   3  6.32955091E-18
  25   4  24   3  1.74051206E+02
  26   4  24   3  1.56630566E+02
  27   4  24   3  1.37767365E+02
  28   4  24   3  1.21521638E+02
  29   4  24   3  1.07793840E+02
  30   4  24   3  9.61504804E+01
  25   3   5   4  3.91562484E+01
  25   3   6   4  7.05010654E+01
  25   3   7   4  8.91971956E+01
  25   3   8   4  9.85817712E+01
  25   3   9   4  1.02116885E+02
  25   3  10   4  1.02223277E+02
  25   3  11   4  1.00436908E+02
  25   3  12   4  9.77016351E+01
  25   3  13   4  9.45923498E+01
  25   3  14   4  9.14601203E+01
  25   3  15   4  8.85230229E+01
  25   3  16   4  8.59231361E+01
  25   3  17   4  8.37634648E+01
  25   3  18   4  8.21343207E+01
  25   3  19   4  8.11356535E+01
  25   3  20   4  8.09013705E+01
  25   3  21   4  8.16320899E+01
  25   3  22   4  8.36390524E+01
  25   3  23   4  8.73304193E+01
  25   3  24   4  9.19006672E+01
  25   4  25   3  5.16361785E-18
  26   4  25   3  1.40240798E+02
  27   4  25   3  1.26569176E+02
  28   4  25   3  1.11671397E+02
  29   4  25   3  9.88069891E+01
  30   4  25   3  8.79075931E+01
  26   3   5   4  3.46205264E+01
  26   3   6   4  6.22570746E+01
  26   3   7   4  7.86574589E+01
  26   3   8   4  8.67981790E+01
  26   3   9   4  8.97550131E+01
  26   3  10   4  8.96746349E+01
  26   3  11   4  8.79164520E+01
  26   3  12   4  8.53133481E+01
  26   3  13   4  8.23699608E+01
  26   3  14   4  7.93913188E+01
  26   3  15   4  7.65629481E+01
  26   3  16   4  7.40006118E+01
  26   3  17   4  7.17817300E+01
  26   3  18   4  6.99665181E+01
  26   3  19   4  6.86140018E+01
  26   3  20   4  6.77969259E+01
  26   3  21   4  6.76195479E+01
  26   3  22   4  6.82430278E+01
  26   3  23   4  6.99198238E+01
  26   3  24   4  7.29777752E+01
  26   3  25   4  7.67136023E+01
  26   4  26   3  4.33174670E-18
  27   4  26   3  1.14003835E+02
  28   4  26   3  1.03158879E+02
  29   4  26   3  9.12739420E+01
  30   4  26   3  8.09879831E+01
  27   3   5   4  3.07649409E+01
  27   3   6   4  5.52627702E+01
  27   3   7   4  6.97347224E+01
  27   3   8   4  7.68465295E+01
  27   3   9   4  7.93432504E+01
  27   3  10   4  7.91377095E+01
  27   3  11   4  7.74392675E+01
  27   3  12   4  7.49871312E+01
  27   3  13   4  7.22273798E+01
  27   3  14   4  6.94276049E+01
  27   3  15   4  6.67480643E+01
  27   3  16   4  6.42855789E+01
  27   3  17   4  6.21008539E+01
  27   3  18   4  6.02361796E+01
  27   3  19   4  5.87278851E+01
  27   3  20   4  5.76164864E+01
  27   3  21   4  5.69571103E+01
  27   3  22   4  5.68330433E+01
  27   3  23   4  5.73757303E+01
  27   3  24   4  5.87923237E+01
  27   3  25   4  6.13486332E+01
  27   3  26   4  6.44307380E+01
  27   4  27   3  3.55637870E-18
  28   4  27   3  9.34353302E+01
  29   4  27   3  8.47475658E+01
  30   4  27   3  7.51778834E+01
  28   3   5   4  2.74657130E+01
  28   3   6   4  4.92879891E+01
  28   3   7   4  6.21272172E+01
  28   3   8   4  6.83799311E+01
  28   3   9   4  7.05063596E+01
  28   3  10   4  7.02184869E+01
  28   3  11   4  6.85972206E+01
  28   3  12   4  6.63019875E+01
  28   3  13   4  6.37294678E+01
  28   3  14   4  6.11162482E+01
  28   3  15   4  5.86023878E+01
  28   3  16   4  5.62704734E+01
  28   3  17   4  5.41697116E+01
  28   3  18   4  5.23311732E+01
  28   3  19   4  5.07780303E+01
  28   3  20   4  4.95331103E+01
  28   3  21   4  4.86256474E+01
  28   3  22   4  4.80989419E+01
  28   3  23   4  4.80208453E+01
  28   3  24   4  4.85000687E+01
  28   3  25   4  4.97080622E+01
  28   3  26   4  5.18624059E+01
  28   3  27   4  5.44266442E+01
  28   4  28   3  3.02414800E-18
  29   4  28   3  7.71581887E+01
  30   4  28   3  7.01351464E+01
  29   3   5   4  2.46253146E+01
  29   3   6   4  4.41520056E+01
  29   3   7   4  5.55989091E+01
  29   3   8   4  6.11282344E+01
  29   3   9   4  6.29535442E+01
  29   3  10   4  6.26133098E+01
  29   3  11   4  6.10777550E+01
  29   3  12   4  5.89378433E+01
  29   3  13   4  5.65481715E+01
  29   3  14   4  5.41192774E+01
  29   3  15   4  5.17747037E+01
  29   3  16   4  4.95859621E+01
  29   3  17   4  4.75939836E+01
  29   3  18   4  4.58224898E+01
  29   3  19   4  4.42867172E+01
  29   3  20   4  4.29994270E+01
  29   3  21   4  4.19757163E+01
  29   3  22   4  4.12377361E+01
  29   3  23   4  4.08204715E+01
  29   3  24   4  4.07801467E+01
  29   3  25   4  4.12076249E+01
  29   3  26   4  4.22459841E+01
  29   3  27   4  4.40748057E+01
  29   3  28   4  4.62246080E+01
  29   4  29   3  2.56715595E-18
  30   4  29   3  6.41643530E+01
  30   3   5   4  2.21661582E+01
  30   3   6   4  3.97114896E+01
  30   3   7   4  4.99632507E+01
  30   3   8   4  5.48787559E+01
  30   3   9   4  5.64568605E+01
  30   3  10   4  5.60853180E+01
  30   3  11   4  5.46384201E+01
  30   3  12   4  5.26479868E+01
  30   3  13   4  5.04324666E+01
  30   3  14   4  4.81802589E+01
  30   3  15   4  4.60011595E+01
  30   3  16   4  4.39578190E+01
  30   3  17   4  4.20849786E+01
  30   3  18   4  4.04013422E+01
  30   3  19   4  3.89171873E+01
  30   3  20   4  3.76393730E+01
  30   3  21   4  3.65750434E+01
  30   3  22   4  3.57348028E+01
  30   3  23   4  3.51361828E+01
  30   3  24   4  3.48080484E+01
  30   3  25   4  3.47977443E+01
  30   3  26   4  3.51817454E+01
  30   3  27   4  3.60804461E+01
  30   3  28   4  3.76431267E+01
  30   3  29   4  3.94581697E+01
  30   4  30   3  2.15141566E-18
   6   5   5   4  1.64572643E+06
   7   5   5   4  5.08983603E+05
   8   5   5   4  2.33953564E+05
   9   5   5   4  1.30295005E+05
  10   5   5   4  8.13229374E+04
  11   5   5   4  5.47403831E+04
  12   5   5   4  3.88840880E+04
  13   5   5   4  2.87572971E+04
  14   5   5   4  2.19459432E+04
  15   5   5   4  1.71745544E+04
  16   5   5   4  1.37208526E+04
  17   5   5   4  1.11525431E+04
  18   5   5   4  9.19891620E+03
  19   5   5   4  7.68393925E+03
  20   5   5   4  6.48943674E+03
  21   5   5   4  5.53387611E+03
  22   5   5   4  4.75965701E+03
  23   5   5   4  4.12523339E+03
  24   5   5   4  3.60008481E+03
  25   5   5   4  3.16142198E+03
  26   5   5   4  2.79197784E+03
  27   5   5   4  2.47849650E+03
  28   5   5   4  2.21067894E+03
  29   5   5   4  1.98043655E+03
  30   5   5   4  1.78135303E+03
   6   5   6   4  1.00173291E-18
   7   5   6   4  5.32566220E+05
   8   5   6   4  2.57928568E+05
   9   5   6   4  1.45624903E+05
  10   5   6   4  9.13997488E+04
  11   5   6   4  6.16980763E+04
  12   5   6   4  4.38986014E+04
  13   5   6   4  3.24998058E+04
  14   5   6   4  2.48195796E+04
  15   5   6   4  1.94332007E+04
  16   5   6   4  1.55310761E+04
  17   5   6   4  1.26275025E+04
  18   5   6   4  1.04178085E+04
  19   5   6   4  8.70362802E+03
  20   5   6   4  7.35166403E+03
  21   5   6   4  6.26988207E+03
  22   5   6   4  5.39322344E+03
  23   5   6   4  4.67473965E+03
  24   5   6   4  4.07992765E+03
  25   5   6   4  3.58301575E+03
  26   5   6   4  3.16447166E+03
  27   5   6   4  2.80929686E+03
  28   5   6   4  2.50583602E+03
  29   5   6   4  2.24493365E+03
  30   5   6   4  2.01932601E+03
   7   4   6   5  3.35593481E+03
   7   5   7   4  1.05585633E-17
   8   5   7   4  2.09299989E+05
   9   5   7   4  1.24280359E+05
  10   5   7   4  7.90043461E+04
  11   5   7   4  5.36000132E+04
  12   5   7   4  3.82314078E+04
  13   5   7   4  2.83436809E+04
  14   5   7   4  2.16642504E+04
  15   5   7   4  1.69722750E+04
  16   5   7   4  1.35696389E+04
  17   5   7   4  1.10358995E+04
  18   5   7   4  9.10665346E+03
  19   5   7   4  7.60945226E+03
  20   5   7   4  6.42826973E+03
  21   5   7   4  5.48292173E+03
  22   5   7   4  4.71668652E+03
  23   5   7   4  4.08860944E+03
  24   5   7   4  3.56857929E+03
  25   5   7   4  3.13409699E+03
  26   5   7   4  2.76810568E+03
  27   5   7   4  2.45750456E+03
  28   5   7   4  2.19211104E+03
  29   5   7   4  1.96392512E+03
  30   5   7   4  1.76659893E+03
   8   4   6   5  1.30638180E+03
   8   4   7   5  3.85776079E+03
   8   5   8   4  1.02546678E-17
   9   5   8   4  9.44726395E+04
  10   5   8   4  6.30358386E+04
  11   5   8   4  4.32732188E+04
  12   5   8   4  3.10037542E+04
  13   5   8   4  2.30337511E+04
  14   5   8   4  1.76256235E+04
  15   5   8   4  1.38175533E+04
  16   5   8   4  1.10520331E+04
  17   5   8   4  8.99089031E+03
  18   5   8   4  7.42056989E+03
  19   5   8   4  6.20142254E+03
  20   5   8   4  5.23932769E+03
  21   5   8   4  4.46916244E+03
  22   5   8   4  3.84482025E+03
  23   5   8   4  3.33299024E+03
  24   5   8   4  2.90916982E+03
  25   5   8   4  2.55504413E+03
  26   5   8   4  2.25672460E+03
  27   5   8   4  2.00354156E+03
  28   5   8   4  1.78720056E+03
  29   5   8   4  1.60118413E+03
  30   5   8   4  1.44032014E+03
   9   4   6   5  6.50111753E+02
   9   4   7   5  1.74167942E+03
   9   4   8   5  3.32872375E+03
   9   5   9   4  2.23439270E-17
  10   5   9   4  4.72926387E+04
  11   5   9   4  3.40097829E+04
  12   5   9   4  2.46320285E+04
  13   5   9   4  1.83715397E+04
  14   5   9   4  1.40824982E+04
  15   5   9   4  1.10495961E+04
  16   5   9   4  8.84229194E+03
  17   5   9   4  7.19523201E+03
  18   5   9   4  5.93950972E+03
  19   5   9   4  4.96418599E+03
  20   5   9   4  4.19429434E+03
  21   5   9   4  3.57787938E+03
  22   5   9   4  3.07811748E+03
  23   5   9   4  2.66838512E+03
  24   5   9   4  2.32908887E+03
  25   5   9   4  2.04557812E+03
  26   5   9   4  1.80674016E+03
  27   5   9   4  1.60403623E+03
  28   5   9   4  1.43082755E+03
  29   5   9   4  1.28189707E+03
  30   5   9   4  1.15310436E+03
  10   4   6   5  3.76130931E+02
  10   4   7   5  9.45399087E+02
  10   4   8   5  1.66675355E+03
  10   4   9   5  2.62399002E+03
  10   5  10   4  2.75369027E-17
  11   5  10   4  2.56508369E+04
  12   5  10   4  1.94251274E+04
  13   5  10   4  1.46322874E+04
  14   5  10   4  1.12539904E+04
  15   5  10   4  8.84246696E+03
  16   5  10   4  7.08049191E+03
  17   5  10   4  5.76329113E+03
  18   5  10   4  4.75810720E+03
  19   5  10   4  3.97698842E+03
  20   5  10   4  3.36023281E+03
  21   5  10   4  2.86635887E+03
  22   5  10   4  2.46592231E+03
  23   5  10   4  2.13761548E+03
  24   5  10   4  1.86574824E+03
  25   5  10   4  1.63858444E+03
  26   5  10   4  1.44722005E+03
  27   5  10   4  1.28481251E+03
  28   5  10   4  1.14604140E+03
  29   5  10   4  1.02672555E+03
  30   5  10   4  9.23546586E+02
  11   4   6   5  2.40016437E+02
  11   4   7   5  5.78937383E+02
  11   4   8   5  9.65181876E+02
  11   4   9   5  1.41926737E+03
  11   4  10   5  2.00356014E+03
  11   5  11   4  2.20860453E-17
  12   5  11   4  1.48302006E+04
  13   5  11   4  1.16601128E+04
  14   5  11   4  9.04952329E+03
  15   5  11   4  7.13068245E+03
  16   5  11   4  5.71577734E+03
  17   5  11   4  4.65426278E+03
  18   5  11   4  3.84295498E+03
  19   5  11   4  3.21206604E+03
  20   5  11   4  2.71378622E+03
  21   5  11   4  2.31474607E+03
  22   5  11   4  1.99120308E+03
  23   5  11   4  1.72595360E+03
  24   5  11   4  1.50632071E+03
  25   5  11   4  1.32281859E+03
  26   5  11   4  1.16824923E+03
  27   5  11   4  1.03708079E+03
  28   5  11   4  9.25012001E+02
  29   5  11   4  8.28662764E+02
  30   5  11   4  7.45350674E+02
  12   4   6   5  1.63953747E+02
  12   4   7   5  3.84505096E+02
  12   4   8   5  6.17838602E+02
  12   4   9   5  8.64355582E+02
  12   4  10   5  1.15075321E+03
  12   4  11   5  1.51637568E+03
  12   5  12   4  2.27084595E-17
  13   5  12   4  9.03210460E+03
  14   5  12   4  7.30495817E+03
  15   5  12   4  5.80367506E+03
  16   5  12   4  4.66313830E+03
  17   5  12   4  3.79988951E+03
  18   5  12   4  3.13802722E+03
  19   5  12   4  2.62273479E+03
  20   5  12   4  2.21558749E+03
  21   5  12   4  1.88950727E+03
  22   5  12   4  1.62514253E+03
  23   5  12   4  1.40844141E+03
  24   5  12   4  1.22903898E+03
  25   5  12   4  1.07917602E+03
  26   5  12   4  9.52963912E+02
  27   5  12   4  8.45877208E+02
  28   5  12   4  7.54397582E+02
  29   5  12   4  6.75760652E+02
  30   5  12   4  6.07773033E+02
  13   4   6   5  1.17722647E+02
  13   4   7   5  2.70578561E+02
  13   4   8   5  4.23826845E+02
  13   4   9   5  5.73441519E+02
  13   4  10   5  7.29839256E+02
  13   4  11   5  9.13951454E+02
  13   4  12   5  1.14927591E+03
  13   5  13   4  2.17057386E-17
  14   5  13   4  5.74356172E+03
  15   5  13   4  4.74817337E+03
  16   5  13   4  3.84377978E+03
  17   5  13   4  3.13825996E+03
  18   5  13   4  2.59276725E+03
  19   5  13   4  2.16691301E+03
  20   5  13   4  1.83014963E+03
  21   5  13   4  1.56040423E+03
  22   5  13   4  1.34174568E+03
  23   5  13   4  1.16255710E+03
  24   5  13   4  1.01425426E+03
  25   5  13   4  8.90406681E+02
  26   5  13   4  7.86133454E+02
  27   5  13   4  6.97684086E+02
  28   5  13   4  6.22143481E+02
  29   5  13   4  5.57221951E+02
  30   5  13   4  5.01103356E+02
  14   4   6   5  8.78029963E+01
  14   4   7   5  1.98807391E+02
  14   4   8   5  3.05707011E+02
  14   4   9   5  4.04058682E+02
  14   4  10   5  4.98728726E+02
  14   4  11   5  5.99362998E+02
  14   4  12   5  7.20695322E+02
  14   4  13   5  8.76450020E+02
  14   5  14   4  1.79148910E-17
  15   5  14   4  3.78768555E+03
  16   5  14   4  3.18619296E+03
  17   5  14   4  2.61914862E+03
  18   5  14   4  2.16716950E+03
  19   5  14   4  1.81150752E+03
  20   5  14   4  1.52960880E+03
  21   5  14   4  1.30370051E+03
  22   5  14   4  1.12060476E+03
  23   5  14   4  9.70616031E+02
  24   5  14   4  8.46534696E+02
  25   5  14   4  7.42960058E+02
  26   5  14   4  6.55791716E+02
  27   5  14   4  5.81879576E+02
  28   5  14   4  5.18776270E+02
  29   5  14   4  4.64560471E+02
  30   5  14   4  4.17709036E+02
  15   4   6   5  6.74763748E+01
  15   4   7   5  1.51036221E+02
  15   4   8   5  2.29049759E+02
  15   4   9   5  2.97608948E+02
  15   4  10   5  3.59464023E+02
  15   4  11   5  4.19898349E+02
  15   4  12   5  4.86088522E+02
  15   4  13   5  5.68158941E+02
  15   4  14   5  6.74007292E+02
  15   5  15   4  1.40359842E-17
  16   5  15   4  2.57665260E+03
  17   5  15   4  2.19818623E+03
  18   5  15   4  1.83011479E+03
  19   5  15   4  1.53149967E+03
  20   5  15   4  1.29304921E+03
  21   5  15   4  1.10161047E+03
  22   5  15   4  9.46433300E+02
  23   5  15   4  8.19370396E+02
  24   5  15   4  7.14317919E+02
  25   5  15   4  6.26681487E+02
  26   5  15   4  5.52969816E+02
  27   5  15   4  4.90501224E+02
  28   5  15   4  4.37193511E+02
  29   5  15   4  3.91413275E+02
  30   5  15   4  3.51866648E+02
  16   4   6   5  5.31232156E+01
  16   4   7   5  1.17838816E+02
  16   4   8   5  1.76799204E+02
  16   4   9   5  2.26768013E+02
  16   4  10   5  2.69567474E+02
  16   4  11   5  3.08581373E+02
  16   4  12   5  3.47872025E+02
  16   4  13   5  3.92494460E+02
  16   4  14   5  4.49433923E+02
  16   4  15   5  5.23144076E+02
  16   5  16   4  1.08457427E-17
  17   5  16   4  1.80046269E+03
  18   5  16   4  1.55387640E+03
  19   5  16   4  1.30761631E+03
  20   5  16   4  1.10487939E+03
  21   5  16   4  9.40983519E+02
  22   5  16   4  8.07951341E+02
  23   5  16   4  6.99048003E+02
  24   5  16   4  6.09074103E+02
  25   5  16   4  5.34078043E+02
  26   5  16   4  4.71048404E+02
  27   5  16   4  4.17671370E+02
  28   5  16   4  3.72151583E+02
  29   5  16   4  3.33082101E+02
  30   5  16   4  2.99349687E+02
  17   4   6   5  4.26644499E+01
  17   4   7   5  9.39554527E+01
  17   4   8   5  1.39774688E+02
  17   4   9   5  1.77485298E+02
  17   4  10   5  2.08439230E+02
  17   4  11   5  2.35059702E+02
  17   4  12   5  2.59995567E+02
  17   4  13   5  2.86118068E+02
  17   4  14   5  3.16963191E+02
  17   4  15   5  3.57420754E+02
  17   4  16   5  4.09909737E+02
  17   5  17   4  8.46907445E-18
  18   5  17   4  1.28785190E+03
  19   5  17   4  1.12223981E+03
  20   5  17   4  9.53034407E+02
  21   5  17   4  8.12022610E+02
  22   5  17   4  6.96833007E+02
  23   5  17   4  6.02451809E+02
  24   5  17   4  5.24523271E+02
  25   5  17   4  4.59632276E+02
  26   5  17   4  4.05152027E+02
  27   5  17   4  3.59059787E+02
  28   5  17   4  3.19786564E+02
  29   5  17   4  2.86104308E+02
  30   5  17   4  2.57042775E+02
  18   4   6   5  3.48421482E+01
  18   4   7   5  7.62768920E+01
  18   4   8   5  1.12700492E+02
  18   4   9   5  1.41965808E+02
  18   4  10   5  1.65150878E+02
  18   4  11   5  1.84122138E+02
  18   4  12   5  2.00792427E+02
  18   4  13   5  2.17025440E+02
  18   4  14   5  2.34814326E+02
  18   4  15   5  2.56659625E+02
  18   4  16   5  2.86046490E+02
  18   4  17   5  3.24191609E+02
  18   5  18   4  6.72255462E-18
  19   5  18   4  9.40320209E+02
  20   5  18   4  8.26090260E+02
  21   5  18   4  7.07059081E+02
  22   5  18   4  6.06840726E+02
  23   5  18   4  5.24246423E+02
  24   5  18   4  4.56020970E+02
  25   5  18   4  3.99264736E+02
  26   5  18   4  3.51674943E+02
  27   5  18   4  3.11462834E+02
  28   5  18   4  2.77238890E+02
  29   5  18   4  2.47916636E+02
  30   5  18   4  2.22639236E+02
  19   4   6   5  2.88617686E+01
  19   4   7   5  6.28762170E+01
  19   4   8   5  9.23805228E+01
  19   4   9   5  1.15616428E+02
  19   4  10   5  1.33481952E+02
  19   4  11   5  1.47482809E+02
  19   4  12   5  1.59097118E+02
  19   4  13   5  1.69662391E+02
  19   4  14   5  1.80454039E+02
  19   4  15   5  1.92865167E+02
  19   4  16   5  2.08695278E+02
  19   4  17   5  2.30475091E+02
  19   4  18   5  2.58713178E+02
  19   5  19   4  5.31329428E-18
  20   5  19   4  6.99190596E+02
  21   5  19   4  6.18525404E+02
  22   5  19   4  5.33017078E+02
  23   5  19   4  4.60400159E+02
  24   5  19   4  4.00099185E+02
  25   5  19   4  3.49937063E+02
  26   5  19   4  3.07932075E+02
  27   5  19   4  2.72493943E+02
  28   5  19   4  2.42377348E+02
  29   5  19   4  2.16607951E+02
  30   5  19   4  1.94418694E+02
  20   4   6   5  2.42029910E+01
  20   4   7   5  5.25112977E+01
  20   4   8   5  7.67924956E+01
  20   4   9   5  9.55950824E+01
  20   4  10   5  1.09687168E+02
  20   4  11   5  1.20320363E+02
  20   4  12   5  1.28688258E+02
  20   4  13   5  1.35819118E+02
  20   4  14   5  1.42615628E+02
  20   4  15   5  1.49952441E+02
  20   4  16   5  1.58819758E+02
  20   4  17   5  1.70538108E+02
  20   4  18   5  1.86978288E+02
  20   4  19   5  2.08236413E+02
  20   5  20   4  4.21461418E-18
  21   5  20   4  5.28409485E+02
  22   5  20   4  4.70242335E+02
  23   5  20   4  4.07653060E+02
  24   5  20   4  3.54111468E+02
  25   5  20   4  3.09361523E+02
  26   5  20   4  2.71907067E+02
  27   5  20   4  2.40360936E+02
  28   5  20   4  2.13600605E+02
  29   5  20   4  1.90741411E+02
  30   5  20   4  1.71087070E+02
  21   4   6   5  2.05144213E+01
  21   4   7   5  4.43543264E+01
  21   4   8   5  6.46093591E+01
  21   4   9   5  8.00705749E+01
  21   4  10   5  9.14059376E+01
  21   4  11   5  9.96770096E+01
  21   4  12   5  1.05876096E+02
  21   4  13   5  1.10830756E+02
  21   4  14   5  1.15227548E+02
  21   4  15   5  1.19673883E+02
  21   4  16   5  1.24778589E+02
  21   4  17   5  1.31260168E+02
  21   4  18   5  1.40106516E+02
  21   4  19   5  1.52723805E+02
  21   4  20   5  1.68973596E+02
  21   5  21   4  3.40551296E-18
  22   5  21   4  4.05206551E+02
  23   5  21   4  3.62470598E+02
  24   5  21   4  3.15878197E+02
  25   5  21   4  2.75774526E+02
  26   5  21   4  2.42068632E+02
  27   5  21   4  2.13706479E+02
  28   5  21   4  1.89695616E+02
  29   5  21   4  1.69227728E+02
  30   5  21   4  1.51662551E+02
  22   4   6   5  1.75523676E+01
  22   4   7   5  3.78376592E+01
  22   4   8   5  5.49329073E+01
  22   4   9   5  6.78221982E+01
  22   4  10   5  7.70928165E+01
  22   4  11   5  8.36580949E+01
  22   4  12   5  8.83596622E+01
  22   4  13   5  9.18843303E+01
  22   4  14   5  9.47806619E+01
  22   4  15   5  9.75035455E+01
  22   4  16   5  1.00466511E+02
  22   4  17   5  1.04102165E+02
  22   4  18   5  1.08943190E+02
  22   4  19   5  1.15742059E+02
  22   4  20   5  1.25571952E+02
  22   4  21   5  1.38167339E+02
  22   5  22   4  2.78020188E-18
  23   5  22   4  3.14842990E+02
  24   5  22   4  2.82912131E+02
  25   5  22   4  2.47695570E+02
  26   5  22   4  2.17224533E+02
  27   5  22   4  1.91491274E+02
  28   5  22   4  1.69736088E+02
  29   5  22   4  1.51234661E+02
  30   5  22   4  1.35394175E+02
  23   4   6   5  1.51438800E+01
  23   4   7   5  3.25623194E+01
  23   4   8   5  4.71387894E+01
  23   4   9   5  5.80122496E+01
  23   4  10   5  6.57030862E+01
  23   4  11   5  7.10055516E+01
  23   4  12   5  7.46438370E+01
  23   4  13   5  7.72001735E+01
  23   4  14   5  7.91278533E+01
  23   4  15   5  8.07862842E+01
  23   4  16   5  8.24792210E+01
  23   4  17   5  8.44935292E+01
  23   4  18   5  8.71437681E+01
  23   4  19   5  9.08330158E+01
  23   4  20   5  9.61439584E+01
  23   4  21   5  1.03907063E+02
  23   4  22   5  1.13794561E+02
  23   5  23   4  2.28497990E-18
  24   5  23   4  2.47565482E+02
  25   5  23   4  2.23342902E+02
  26   5  23   4  1.96354194E+02
  27   5  23   4  1.72898347E+02
  28   5  23   4  1.53007222E+02
  29   5  23   4  1.36121762E+02
  30   5  23   4  1.21703578E+02
  24   4   6   5  1.31636984E+01
  24   4   7   5  2.82417598E+01
  24   4   8   5  4.07828524E+01
  24   4   9   5  5.00512861E+01
  24   4  10   5  5.65109076E+01
  24   4  11   5  6.08582485E+01
  24   4  12   5  6.37232743E+01
  24   4  13   5  6.56071547E+01
  24   4  14   5  6.68933079E+01
  24   4  15   5  6.78765137E+01
  24   4  16   5  6.87931868E+01
  24   4  17   5  6.98493511E+01
  24   4  18   5  7.12485964E+01
  24   4  19   5  7.32249155E+01
  24   4  20   5  7.60891872E+01
  24   4  21   5  8.02993527E+01
  24   4  22   5  8.65061759E+01
  24   4  23   5  9.43585031E+01
  24   5  24   4  1.90789052E-18
  25   5  24   4  1.96789648E+02
  26   5  24   4  1.78159796E+02
  27   5  24   4  1.57214621E+02
  28   5  24   4  1.38942360E+02
  29   5  24   4  1.23391360E+02
  30   5  24   4  1.10142368E+02
  25   4   6   5  1.15194581E+01
  25   4   7   5  2.46662260E+01
  25   4   8   5  3.55426530E+01
  25   4   9   5  4.35154000E+01
  25   4  10   5  4.89999010E+01
  25   4  11   5  5.26112170E+01
  25   4  12   5  5.49020852E+01
  25   4  13   5  5.63088776E+01
  25   4  14   5  5.71613833E+01
  25   4  15   5  5.77078000E+01
  25   4  16   5  5.81399419E+01
  25   4  17   5  5.86151848E+01
  25   4  18   5  5.92761866E+01
  25   4  19   5  6.02709158E+01
  25   4  20   5  6.17772963E+01
  25   4  21   5  6.40392440E+01
  25   4  22   5  6.74214418E+01
  25   4  23   5  7.24397141E+01
  25   4  24   5  7.87423703E+01
  25   5  25   4  1.55349165E-18
  26   5  25   4  1.57989063E+02
  27   5  25   4  1.43479887E+02
  28   5  25   4  1.27036748E+02
  29   5  25   4  1.12646008E+02
  30   5  25   4  1.00360370E+02
  26   4   6   5  1.01419501E+01
  26   4   7   5  2.16795562E+01
  26   4   8   5  3.11798620E+01
  26   4   9   5  3.80938184E+01
  26   4  10   5  4.27950149E+01
  26   4  11   5  4.58297564E+01
  26   4  12   5  4.76864586E+01
  26   4  13   5  4.87485024E+01
  26   4  14   5  4.93031032E+01
  26   4  15   5  4.95632038E+01
  26   4  16   5  4.96891215E+01
  26   4  17   5  4.98067173E+01
  26   4  18   5  5.00225822E+01
  26   4  19   5  5.04377964E+01
  26   4  20   5  5.11625083E+01
  26   4  21   5  5.23347584E+01
  26   4  22   5  5.41488696E+01
  26   4  23   5  5.68987260E+01
  26   4  24   5  6.09973957E+01
  26   4  25   5  6.61058188E+01
  26   5  26   4  1.31390509E-18
  27   5  26   4  1.28000059E+02
  28   5  26   4  1.16569943E+02
  29   5  26   4  1.03524141E+02
  30   5  26   4  9.20756864E+01
  27   4   6   5  8.97856730E+00
  27   4   7   5  1.91637204E+01
  27   4   8   5  2.75154876E+01
  27   4   9   5  3.35548049E+01
  27   4  10   5  3.76188384E+01
  27   4  11   5  4.01952975E+01
  27   4  12   5  4.17183518E+01
  27   4  13   5  4.25272941E+01
  27   4  14   5  4.28746807E+01
  27   4  15   5  4.29457607E+01
  27   4  16   5  4.28774282E+01
  27   4  17   5  4.27737790E+01
  27   4  18   5  4.27185185E+01
  27   4  19   5  4.27853471E+01
  27   4  20   5  4.30476376E+01
  27   4  21   5  4.35892735E+01
  27   4  22   5  4.45193413E+01
  27   4  23   5  4.59947136E+01
  27   4  24   5  4.82548128E+01
  27   4  25   5  5.16334284E+01
  27   4  26   5  5.58112429E+01
  27   5  27   4  1.07148722E-18
  28   5  27   4  1.04577713E+02
  29   5  27   4  9.54781815E+01
  30   5  27   4  8.50267280E+01
  28   4   6   5  7.98879845E+00
  28   4   7   5  1.70282840E+01
  28   4   8   5  2.44131558E+01
  28   4   9   5  2.97229085E+01
  28   4  10   5  3.32628231E+01
  28   4  11   5  3.54702697E+01
  28   4  12   5  3.67332056E+01
  28   4  13   5  3.73537487E+01
  28   4  14   5  3.75556969E+01
  28   4  15   5  3.75019234E+01
  28   4  16   5  3.73111805E+01
  28   4  17   5  3.70717046E+01
  28   4  18   5  3.68517482E+01
  28   4  19   5  3.67079547E+01
  28   4  20   5  3.66924418E+01
  28   4  21   5  3.68597745E+01
  28   4  22   5  3.72752323E+01
  28   4  23   5  3.80263719E+01
  28   4  24   5  3.92414414E+01
  28   4  25   5  4.11172122E+01
  28   4  26   5  4.39258613E+01
  28   4  27   5  4.73710003E+01
  28   5  28   4  9.29934504E-19
  29   5  28   4  8.61066582E+01
  30   5  28   4  7.87922034E+01
  29   4   6   5  7.14107945E+00
  29   4   7   5  1.52031020E+01
  29   4   8   5  2.17676166E+01
  29   4   9   5  2.64634728E+01
  29   4  10   5  2.95679082E+01
  29   4  11   5  3.14747484E+01
  29   4  12   5  3.25322530E+01
  29   4  13   5  3.30108576E+01
  29   4  14   5  3.31101439E+01
  29   4  15   5  3.29745133E+01
  29   4  16   5  3.27082173E+01
  29   4  17   5  3.23874212E+01
  29   4  18   5  3.20693653E+01
  29   4  19   5  3.17994194E+01
  29   4  20   5  3.16166607E+01
  29   4  21   5  3.15588367E+01
  29   4  22   5  3.16675063E+01
  29   4  23   5  3.19944427E+01
  29   4  24   5  3.26109380E+01
  29   4  25   5  3.36229506E+01
  29   4  26   5  3.51935476E+01
  29   4  27   5  3.75464725E+01
  29   4  28   5  4.04092383E+01
  29   5  29   4  7.92901934E-19
  30   5  29   4  7.14095068E+01
  30   4   6   5  6.41055168E+00
  30   4   7   5  1.36331530E+01
  30   4   8   5  1.94966810E+01
  30   4   9   5  2.36718670E+01
  30   4  10   5  2.64111821E+01
  30   4  11   5  2.80705609E+01
  30   4  12   5  2.89639184E+01
  30   4  13   5  2.93344513E+01
  30   4  14   5  2.93611105E+01
  30   4  15   5  2.91727935E+01
  30   4  16   5  2.88618762E+01
  30   4  17   5  2.84950110E+01
  30   4  18   5  2.81212253E+01
  30   4  19   5  2.77780336E+01
  30   4  20   5  2.74960583E+01
  30   4  21   5  2.73028556E+01
  30   4  22   5  2.72264369E+01
  30   4  23   5  2.72991829E+01
  30   4  24   5  2.75628049E+01
  30   4  25   5  2.80761998E+01
  30   4  26   5  2.89275805E+01
  30   4  27   5  3.02532196E+01
  30   4  28   5  3.22383688E+01
  30   4  29   5  3.46341176E+01
  30   5  30   4  6.60769830E-19
   7   6   6   5  7.41180926E+05
   8   6   6   5  2.17680352E+05
   9   6   6   5  9.67845418E+04
  10   6   6   5  5.27306225E+04
  11   6   6   5  3.24291770E+04
  12   6   6   5  2.16116180E+04
  13   6   6   5  1.52480288E+04
  14   6   6   5  1.12260867E+04
  15   6   6   5  8.54206624E+03
  16   6   6   5  6.67293224E+03
  17   6   6   5  5.32589581E+03
  18   6   6   5  4.32739735E+03
  19   6   6   5  3.56962047E+03
  20   6   6   5  2.98292366E+03
  21   6   6   5  2.52081409E+03
  22   6   6   5  2.15136272E+03
  23   6   6   5  1.85209842E+03
  24   6   6   5  1.60686379E+03
  25   6   6   5  1.40381965E+03
  26   6   6   5  1.23414393E+03
  27   6   6   5  1.09116343E+03
  28   6   6   5  9.69761611E+02
  29   6   6   5  8.65967317E+02
  30   6   6   5  7.76663833E+02
   7   6   7   5  4.31830521E-20
   8   6   7   5  2.80762067E+05
   9   6   7   5  1.31523109E+05
  10   6   7   5  7.26406331E+04
  11   6   7   5  4.49224314E+04
  12   6   7   5  3.00217432E+04
  13   6   7   5  2.12162642E+04
  14   6   7   5  1.56361845E+04
  15   6   7   5  1.19060391E+04
  16   6   7   5  9.30540443E+03
  17   6   7   5  7.42966178E+03
  18   6   7   5  6.03841725E+03
  19   6   7   5  4.98209382E+03
  20   6   7   5  4.16395898E+03
  21   6   7   5  3.51937424E+03
  22   6   7   5  3.00391691E+03
  23   6   7   5  2.58630493E+03
  24   6   7   5  2.24403507E+03
  25   6   7   5  1.96061191E+03
  26   6   7   5  1.72373977E+03
  27   6   7   5  1.52411541E+03
  28   6   7   5  1.35460409E+03
  29   6   7   5  1.20966716E+03
  30   6   7   5  1.08495691E+03
   8   5   7   6  1.19061488E+03
   8   6   8   5  1.73505638E-18
   9   6   8   5  1.23162934E+05
  10   6   8   5  7.15693235E+04
  11   6   8   5  4.48361945E+04
  12   6   8   5  3.01184045E+04
  13   6   8   5  2.13386803E+04
  14   6   8   5  1.57489779E+04
  15   6   8   5  1.20025722E+04
  16   6   8   5  9.38635671E+03
  17   6   8   5  7.49735309E+03
  18   6   8   5  6.09523087E+03
  19   6   8   5  5.03007718E+03
  20   6   8   5  4.20477347E+03
  21   6   8   5  3.55434187E+03
  22   6   8   5  3.03408466E+03
  23   6   8   5  2.61250367E+03
  24   6   8   5  2.26692759E+03
  25   6   8   5  1.98073040E+03
  26   6   8   5  1.74151466E+03
  27   6   8   5  1.53989736E+03
  28   6   8   5  1.36868085E+03
  29   6   8   5  1.22227650E+03
  30   6   8   5  1.09629660E+03
   9   5   7   6  4.39223587E+02
   9   5   8   6  1.54560832E+03
   9   6   9   5  7.07723771E-18
  10   6   9   5  6.02601645E+04
  11   6   9   5  3.96567024E+04
  12   6   9   5  2.69653077E+04
  13   6   9   5  1.91944871E+04
  14   6   9   5  1.41983048E+04
  15   6   9   5  1.08340809E+04
  16   6   9   5  8.47880138E+03
  17   6   9   5  6.77563353E+03
  18   6   9   5  5.51023030E+03
  19   6   9   5  4.54831618E+03
  20   6   9   5  3.80266759E+03
  21   6   9   5  3.21482117E+03
  22   6   9   5  2.74450969E+03
  23   6   9   5  2.36333122E+03
  24   6   9   5  2.05082918E+03
  25   6   9   5  1.79199405E+03
  26   6   9   5  1.57562929E+03
  27   6   9   5  1.39325817E+03
  28   6   9   5  1.23837660E+03
  29   6   9   5  1.10593347E+03
  30   6   9   5  9.91962403E+02
  10   5   7   6  2.10577060E+02
  10   5   8   6  6.65786226E+02
  10   5   9   6  1.46663772E+03
  10   6  10   5  3.36963935E-18
  11   6  10   5  3.20750781E+04
  12   6  10   5  2.28737488E+04
  13   6  10   5  1.64684786E+04
  14   6  10   5  1.22334740E+04
  15   6  10   5  9.35299220E+03
  16   6  10   5  7.32715727E+03
  17   6  10   5  5.85873056E+03
  18   6  10   5  4.76624771E+03
  19   6  10   5  3.93509118E+03
  20   6  10   5  3.29045874E+03
  21   6  10   5  2.78206995E+03
  22   6  10   5  2.37523016E+03
  23   6  10   5  2.04543785E+03
  24   6  10   5  1.77503067E+03
  25   6  10   5  1.55104135E+03
  26   6  10   5  1.36379253E+03
  27   6  10   5  1.20595517E+03
  28   6  10   5  1.07190439E+03
  29   6  10   5  9.57271027E+02
  30   6  10   5  8.58623733E+02
  11   5   7   6  1.18642815E+02
  11   5   8   6  3.49926307E+02
  11   5   9   6  7.04063917E+02
  11   5  10   6  1.24805453E+03
  11   6  11   5  3.49987003E-18
  12   6  11   5  1.82540833E+04
  13   6  11   5  1.37614909E+04
  14   6  11   5  1.03316819E+04
  15   6  11   5  7.92887279E+03
  16   6  11   5  6.22175788E+03
  17   6  11   5  4.97890162E+03
  18   6  11   5  4.05221710E+03
  19   6  11   5  3.34636430E+03
  20   6  11   5  2.79854328E+03
  21   6  11   5  2.36632936E+03
  22   6  11   5  2.02036296E+03
  23   6  11   5  1.73987284E+03
  24   6  11   5  1.50986842E+03
  25   6  11   5  1.31933557E+03
  26   6  11   5  1.16005029E+03
  27   6  11   5  1.02578204E+03
  28   6  11   5  9.11747819E+02
  29   6  11   5  8.14231761E+02
  30   6  11   5  7.30315230E+02
  12   5   7   6  7.42654198E+01
  12   5   8   6  2.09400129E+02
  12   5   9   6  3.96147027E+02
  12   5  10   6  6.49586653E+02
  12   5  11   6  1.01491190E+03
  12   6  12   5  4.97946040E-18
  13   6  12   5  1.09688369E+04
  14   6  12   5  8.60977474E+03
  15   6  12   5  6.67294033E+03
  16   6  12   5  5.25373273E+03
  17   6  12   5  4.20998289E+03
  18   6  12   5  3.42850029E+03
  19   6  12   5  2.83208278E+03
  20   6  12   5  2.36873970E+03
  21   6  12   5  2.00298821E+03
  22   6  12   5  1.71014307E+03
  23   6  12   5  1.47268885E+03
  24   6  12   5  1.27796302E+03
  25   6  12   5  1.11665238E+03
  26   6  12   5  9.81798524E+02
  27   6  12   5  8.68127645E+02
  28   6  12   5  7.71590230E+02
  29   6  12   5  6.89039800E+02
  30   6  12   5  6.18004742E+02
  13   5   7   6  5.00168298E+01
  13   5   8   6  1.36742345E+02
  13   5   9   6  2.48398971E+02
  13   5  10   6  3.85385322E+02
  13   5  11   6  5.62608421E+02
  13   5  12   6  8.09775108E+02
  13   6  13   5  4.65232790E-18
  14   6  13   5  6.89457489E+03
  15   6  13   5  5.57866356E+03
  16   6  13   5  4.43258308E+03
  17   6  13   5  3.56234411E+03
  18   6  13   5  2.90423530E+03
  19   6  13   5  2.40001412E+03
  20   6  13   5  2.00763091E+03
  21   6  13   5  1.69765496E+03
  22   6  13   5  1.44938355E+03
  23   6  13   5  1.24804700E+03
  24   6  13   5  1.08293724E+03
  25   6  13   5  9.46166230E+02
  26   6  13   5  8.31835274E+02
  27   6  13   5  7.35471608E+02
  28   6  13   5  6.53639958E+02
  29   6  13   5  5.83670820E+02
  30   6  13   5  5.23467202E+02
  14   5   7   6  3.55368722E+01
  14   5   8   6  9.50203471E+01
  14   5   9   6  1.67813766E+02
  14   5  10   6  2.50894422E+02
  14   5  11   6  3.48307115E+02
  14   5  12   6  4.72240721E+02
  14   5  13   6  6.41939022E+02
  14   6  14   5  3.38789161E-18
  15   6  14   5  4.50083883E+03
  16   6  14   5  3.72843712E+03
  17   6  14   5  3.02196450E+03
  18   6  14   5  2.46989510E+03
  19   6  14   5  2.04276451E+03
  20   6  14   5  1.70918037E+03
  21   6  14   5  1.44528073E+03
  22   6  14   5  1.23379914E+03
  23   6  14   5  1.06227107E+03
  24   6  14   5  9.21609863E+02
  25   6  14   5  8.05103733E+02
  26   6  14   5  7.07726795E+02
  27   6  14   5  6.25665606E+02
  28   6  14   5  5.55990462E+02
  29   6  14   5  4.96424579E+02
  30   6  14   5  4.45179544E+02
  15   5   7   6  2.62966517E+01
  15   5   8   6  6.91546775E+01
  15   5   9   6  1.19658148E+02
  15   5  10   6  1.74315451E+02
  15   5  11   6  2.33883645E+02
  15   5  12   6  3.02804586E+02
  15   5  13   6  3.90331333E+02
  15   5  14   6  5.08870145E+02
  15   6  15   5  2.54664327E-18
  16   6  15   5  3.03452018E+03
  17   6  15   5  2.56098245E+03
  18   6  15   5  2.10961827E+03
  19   6  15   5  1.74852894E+03
  20   6  15   5  1.46383368E+03
  21   6  15   5  1.23788051E+03
  22   6  15   5  1.05660480E+03
  23   6  15   5  9.09531450E+02
  24   6  15   5  7.88928696E+02
  25   6  15   5  6.89054333E+02
  26   6  15   5  6.05597859E+02
  27   6  15   5  5.35285082E+02
  28   6  15   5  4.75599583E+02
  29   6  15   5  4.24585666E+02
  30   6  15   5  3.80707338E+02
  16   5   7   6  2.00893119E+01
  16   5   8   6  5.21584734E+01
  16   5   9   6  8.88680970E+01
  16   5  10   6  1.27024796E+02
  16   5  11   6  1.66375700E+02
  16   5  12   6  2.08691989E+02
  16   5  13   6  2.57773301E+02
  16   5  14   6  3.20458996E+02
  16   5  15   6  4.04745367E+02
  16   6  16   5  2.02693917E-18
  17   6  16   5  2.10360613E+03
  18   6  16   5  1.80218659E+03
  19   6  16   5  1.50458967E+03
  20   6  16   5  1.26186053E+03
  21   6  16   5  1.06744375E+03
  22   6  16   5  9.11021484E+02
  23   6  16   5  7.84008929E+02
  24   6  16   5  6.79850263E+02
  25   6  16   5  5.93613600E+02
  26   6  16   5  5.21577106E+02
  27   6  16   5  4.60907617E+02
  28   6  16   5  4.09426027E+02
  29   6  16   5  3.65438626E+02
  30   6  16   5  3.27615476E+02
  17   5   7   6  1.57455906E+01
  17   5   8   6  4.04695108E+01
  17   5   9   6  6.81320569E+01
  17   5  10   6  9.59923170E+01
  17   5  11   6  1.23517700E+02
  17   5  12   6  1.51482687E+02
  17   5  13   6  1.81652739E+02
  17   5  14   6  2.17021403E+02
  17   5  15   6  2.62616349E+02
  17   5  16   6  3.23594745E+02
  17   6  17   5  1.68713602E-18
  18   6  17   5  1.49401181E+03
  19   6  17   5  1.29577329E+03
  20   6  17   5  1.09402918E+03
  21   6  17   5  9.26810809E+02
  22   6  17   5  7.91087173E+02
  23   6  17   5  6.80608607E+02
  24   6  17   5  5.89963799E+02
  25   6  17   5  5.14930033E+02
  26   6  17   5  4.52278506E+02
  27   6  17   5  3.99539041E+02
  28   6  17   5  3.54808368E+02
  29   6  17   5  3.16606624E+02
  30   6  17   5  2.83772076E+02
  18   5   7   6  1.26034163E+01
  18   5   8   6  3.21307619E+01
  18   5   9   6  5.35817593E+01
  18   5  10   6  7.46484014E+01
  18   5  11   6  9.47623487E+01
  18   5  12   6  1.14294038E+02
  18   5  13   6  1.34183749E+02
  18   5  14   6  1.55907927E+02
  18   5  15   6  1.81757720E+02
  18   5  16   6  2.15445199E+02
  18   5  17   6  2.60293043E+02
  18   6  18   5  1.44847594E-18
  19   6  18   5  1.08387223E+03
  20   6  18   5  9.49697984E+02
  21   6  18   5  8.09518215E+02
  22   6  18   5  6.91753169E+02
  23   6  18   5  5.95089501E+02
  24   6  18   5  5.15615016E+02
  25   6  18   5  4.49816269E+02
  26   6  18   5  3.94900078E+02
  27   6  18   5  3.48701065E+02
  28   6  18   5  3.09543101E+02
  29   6  18   5  2.76121258E+02
  30   6  18   5  2.47411205E+02
  19   5   7   6  1.02671149E+01
  19   5   8   6  2.60007236E+01
  19   5   9   6  4.30268609E+01
  19   5  10   6  5.94083526E+01
  19   5  11   6  7.46202565E+01
  19   5  12   6  8.88576909E+01
  19   5  13   6  1.02688826E+02
  19   5  14   6  1.16946380E+02
  19   5  15   6  1.32792512E+02
  19   5  16   6  1.51968498E+02
  19   5  17   6  1.77239881E+02
  19   5  18   6  2.10736950E+02
  19   6  19   5  1.21190876E-18
  20   6  19   5  8.01261281E+02
  21   6  19   5  7.08114597E+02
  22   6  19   5  6.08546019E+02
  23   6  19   5  5.23946116E+02
  24   6  19   5  4.53838652E+02
  25   6  19   5  3.95698680E+02
  26   6  19   5  3.47181879E+02
  27   6  19   5  3.06394821E+02
  28   6  19   5  2.71852474E+02
  29   6  19   5  2.42393929E+02
  30   6  19   5  2.17107236E+02
  20   5   7   6  8.48941489E+00
  20   5   8   6  2.13801072E+01
  20   5   9   6  3.51572324E+01
  20   5  10   6  4.81897395E+01
  20   5  11   6  6.00167723E+01
  20   5  12   6  7.07529899E+01
  20   5  13   6  8.07807926E+01
  20   5  14   6  9.06292320E+01
  20   5  15   6  1.00967581E+02
  20   5  16   6  1.12691763E+02
  20   5  17   6  1.27129305E+02
  20   5  18   6  1.46363269E+02
  20   5  19   6  1.71744212E+02
  20   6  20   5  1.02507175E-18
  21   6  20   5  6.02353525E+02
  22   6  20   5  5.36213637E+02
  23   6  20   5  4.64083303E+02
  24   6  20   5  4.02208461E+02
  25   6  20   5  3.50513140E+02
  26   6  20   5  3.07320687E+02
  27   6  20   5  2.71027043E+02
  28   6  20   5  2.40319288E+02
  29   6  20   5  2.14157726E+02
  30   6  20   5  1.91722765E+02
  21   5   7   6  7.10987146E+00
  21   5   8   6  1.78226484E+01
  21   5   9   6  2.91530335E+01
  21   5  10   6  3.97197653E+01
  21   5  11   6  4.91260468E+01
  21   5  12   6  5.74477190E+01
  21   5  13   6  6.49650856E+01
  21   5  14   6  7.20483385E+01
  21   5  15   6  7.91288995E+01
  21   5  16   6  8.67259860E+01
  21   5  17   6  9.55278653E+01
  21   5  18   6  1.06554619E+02
  21   5  19   6  1.21393519E+02
  21   5  20   6  1.40882585E+02
  21   6  21   5  8.86417836E-19
  22   6  21   5  4.59680396E+02
  23   6  21   5  4.11759969E+02
  24   6  21   5  3.58571667E+02
  25   6  21   5  3.12575437E+02
  26   6  21   5  2.73876793E+02
  27   6  21   5  2.41332473E+02
  28   6  21   5  2.13819148E+02
  29   6  21   5  1.90407222E+02
  30   6  21   5  1.70354675E+02
  22   5   7   6  6.02099149E+00
  22   5   8   6  1.50335323E+01
  22   5   9   6  2.44814456E+01
  22   5  10   6  3.31870831E+01
  22   5  11   6  4.08109541E+01
  22   5  12   6  4.74091888E+01
  22   5  13   6  5.32007034E+01
  22   5  14   6  5.84642108E+01
  22   5  15   6  6.35043458E+01
  22   5  16   6  6.86561782E+01
  22   5  17   6  7.43183576E+01
  22   5  18   6  8.10221753E+01
  22   5  19   6  8.95592331E+01
  22   5  20   6  1.01153020E+02
  22   5  21   6  1.16303527E+02
  22   6  22   5  7.68779327E-19
  23   6  22   5  3.55585504E+02
  24   6  22   5  3.20230504E+02
  25   6  22   5  2.80376157E+02
  26   6  22   5  2.45673989E+02
  27   6  22   5  2.16301636E+02
  28   6  22   5  1.91459949E+02
  29   6  22   5  1.70345270E+02
  30   6  22   5  1.52286566E+02
  23   5   7   6  5.14874333E+00
  23   5   8   6  1.28121379E+01
  23   5   9   6  2.07848691E+01
  23   5  10   6  2.80558818E+01
  23   5  11   6  3.43347652E+01
  23   5  12   6  3.96670130E+01
  23   5  13   6  4.42314942E+01
  23   5  14   6  4.82494890E+01
  23   5  15   6  5.19515221E+01
  23   5  16   6  5.55737632E+01
  23   5  17   6  5.93720960E+01
  23   5  18   6  6.36531278E+01
  23   5  19   6  6.88304666E+01
  23   5  20   6  7.55249656E+01
  23   5  21   6  8.46902039E+01
  23   5  22   6  9.66030774E+01
  23   6  23   5  6.58747590E-19
  24   6  23   5  2.78459380E+02
  25   6  23   5  2.51944669E+02
  26   6  23   5  2.21644040E+02
  27   6  23   5  1.95106748E+02
  28   6  23   5  1.72528829E+02
  29   6  23   5  1.53338633E+02
  30   6  23   5  1.36949684E+02
  24   5   7   6  4.44090146E+00
  24   5   8   6  1.10183950E+01
  24   5   9   6  1.78165705E+01
  24   5  10   6  2.39614823E+01
  24   5  11   6  2.92039965E+01
  24   5  12   6  3.35833995E+01
  24   5  13   6  3.72505217E+01
  24   5  14   6  4.03877823E+01
  24   5  15   6  4.31786620E+01
  24   5  16   6  4.58013441E+01
  24   5  17   6  4.84348466E+01
  24   5  18   6  5.12742938E+01
  24   5  19   6  5.45572136E+01
  24   5  20   6  5.86089216E+01
  24   5  21   6  6.39215165E+01
  24   5  22   6  7.12460366E+01
  24   5  23   6  8.07125572E+01
  24   6  24   5  5.75543777E-19
  25   6  24   5  2.20510674E+02
  26   6  24   5  2.00328692E+02
  27   6  24   5  1.76984520E+02
  28   6  24   5  1.56438553E+02
  29   6  24   5  1.38879951E+02
  30   6  24   5  1.23890962E+02
  25   5   7   6  3.85983858E+00
  25   5   8   6  9.55229130E+00
  25   5   9   6  1.54021686E+01
  25   5  10   6  2.06491380E+01
  25   5  11   6  2.50785509E+01
  25   5  12   6  2.87256997E+01
  25   5  13   6  3.17206057E+01
  25   5  14   6  3.42177062E+01
  25   5  15   6  3.63684165E+01
  25   5  16   6  3.83141288E+01
  25   5  17   6  4.01888949E+01
  25   5  18   6  4.21277723E+01
  25   5  19   6  4.42804281E+01
  25   5  20   6  4.68327509E+01
  25   5  21   6  5.00433607E+01
  25   5  22   6  5.43062708E+01
  25   5  23   6  6.02188717E+01
  25   5  24   6  6.78153212E+01
  25   6  25   5  4.85969746E-19
  26   6  25   5  1.76412389E+02
  27   6  25   5  1.60841939E+02
  28   6  25   5  1.42638157E+02
  29   6  25   5  1.26549269E+02
  30   6  25   5  1.12746690E+02
  26   5   7   6  3.37793441E+00
  26   5   8   6  8.34099017E+00
  26   5   9   6  1.34157908E+01
  26   5  10   6  1.79368140E+01
  26   5  11   6  2.17181976E+01
  26   5  12   6  2.47923740E+01
  26   5  13   6  2.72731927E+01
  26   5  14   6  2.92939154E+01
  26   5  15   6  3.09827710E+01
  26   5  16   6  3.24561468E+01
  26   5  17   6  3.38197279E+01
  26   5  18   6  3.51735757E+01
  26   5  19   6  3.66200134E+01
  26   5  20   6  3.82749731E+01
  26   5  21   6  4.02855639E+01
  26   5  22   6  4.28595639E+01
  26   5  23   6  4.63154976E+01
  26   5  24   6  5.11328839E+01
  26   5  25   6  5.72842479E+01
  26   6  26   5  4.25404382E-19
  27   6  26   5  1.42460136E+02
  28   6  26   5  1.30298602E+02
  29   6  26   5  1.15944906E+02
  30   6  26   5  1.03213814E+02
  27   5   7   6  2.97457514E+00
  27   5   8   6  7.33050890E+00
  27   5   9   6  1.17648720E+01
  27   5  10   6  1.56918161E+01
  27   5  11   6  1.89495615E+01
  27   5  12   6  2.15682805E+01
  27   5  13   6  2.36488038E+01
  27   5  14   6  2.53077353E+01
  27   5  15   6  2.66557225E+01
  27   5  16   6  2.77911474E+01
  27   5  17   6  2.88005656E+01
  27   5  18   6  2.97621325E+01
  27   5  19   6  3.07507133E+01
  27   5  20   6  3.18445289E+01
  27   5  21   6  3.31344258E+01
  27   5  22   6  3.47381745E+01
  27   5  23   6  3.68243513E+01
  27   5  24   6  3.96528420E+01
  27   5  25   6  4.36117366E+01
  27   5  26   6  4.86350701E+01
  27   6  27   5  3.54568485E-19
  28   6  27   5  1.16037665E+02
  29   6  27   5  1.06430951E+02
  30   6  27   5  9.49969577E+01
  28   5   7   6  2.63414482E+00
  28   5   8   6  6.48020510E+00
  28   5   9   6  1.03802009E+01
  28   5  10   6  1.38156911E+01
  28   5  11   6  1.66451211E+01
  28   5  12   6  1.88967380E+01
  28   5  13   6  2.06606084E+01
  28   5  14   6  2.20398381E+01
  28   5  15   6  2.31312375E+01
  28   5  16   6  2.40195974E+01
  28   5  17   6  2.47778156E+01
  28   5  18   6  2.54694242E+01
  28   5  19   6  2.61522424E+01
  28   5  20   6  2.68827079E+01
  28   5  21   6  2.77213145E+01
  28   5  22   6  2.87401486E+01
  28   5  23   6  3.00344972E+01
  28   5  24   6  3.17424959E+01
  28   5  25   6  3.40778500E+01
  28   5  26   6  3.73572526E+01
  28   5  27   6  4.14916886E+01
  28   6  28   5  3.25450510E-19
  29   6  28   5  9.52706930E+01
  30   6  28   5  8.76030435E+01
  29   5   7   6  2.34465424E+00
  29   5   8   6  5.75904699E+00
  29   5   9   6  9.20925451E+00
  29   5  10   6  1.22342336E+01
  29   5  11   6  1.47094941E+01
  29   5  12   6  1.66615605E+01
  29   5  13   6  1.81714207E+01
  29   5  14   6  1.93309915E+01
  29   5  15   6  2.02258745E+01
  29   5  16   6  2.09302091E+01
  29   5  17   6  2.15066676E+01
  29   5  18   6  2.20084571E+01
  29   5  19   6  2.24821402E+01
  29   5  20   6  2.29707374E+01
  29   5  21   6  2.35172688E+01
  29   5  22   6  2.41691290E+01
  29   5  23   6  2.49842099E+01
  29   5  24   6  2.60404126E+01
  29   5  25   6  2.74519421E+01
  29   5  26   6  2.93958422E+01
  29   5  27   6  3.21325099E+01
  29   5  28   6  3.55602693E+01
  29   6  29   5  2.82390428E-19
  30   6  29   5  7.87987323E+01
  30   5   7   6  2.09678577E+00
  30   5   8   6  5.14303657E+00
  30   5   9   6  8.21163670E+00
  30   5  10   6  1.08907157E+01
  30   5  11   6  1.30702545E+01
  30   5  12   6  1.47751926E+01
  30   5  13   6  1.60787438E+01
  30   5  14   6  1.70633870E+01
  30   5  15   6  1.78054396E+01
  30   5  16   6  1.83704440E+01
  30   5  17   6  1.88131167E+01
  30   5  18   6  1.91790183E+01
  30   5  19   6  1.95068588E+01
  30   5  20   6  1.98308932E+01
  30   5  21   6  2.01834540E+01
  30   5  22   6  2.05977497E+01
  30   5  23   6  2.11114215E+01
  30   5  24   6  2.17714507E+01
  30   5  25   6  2.26422555E+01
  30   5  26   6  2.38188844E+01
  30   5  27   6  2.54491436E+01
  30   5  28   6  2.77486049E+01
  30   5  29   6  3.06098948E+01
  30   6  30   5  2.37894535E-19
   8   7   7   6  3.72685666E+05
   9   7   7   6  1.03574456E+05
  10   7   7   6  4.43123670E+04
  11   7   7   6  2.34872179E+04
  12   7   7   6  1.41576193E+04
  13   7   7   6  9.29586472E+03
  14   7   7   6  6.48611920E+03
  15   7   7   6  4.73535495E+03
  16   7   7   6  3.58030680E+03
  17   7   7   6  2.78337042E+03
  18   7   7   6  2.21335356E+03
  19   7   7   6  1.79341115E+03
  20   7   7   6  1.47630017E+03
  21   7   7   6  1.23178050E+03
  22   7   7   6  1.03982288E+03
  23   7   7   6  8.86766976E+02
  24   7   7   6  7.63056784E+02
  25   7   7   6  6.61857534E+02
  26   7   7   6  5.78184182E+02
  27   7   7   6  5.08337112E+02
  28   7   7   6  4.49527695E+02
  29   7   7   6  3.99624452E+02
  30   7   7   6  3.56977453E+02
   8   7   8   6  6.45261858E-19
   9   7   8   6  1.58972805E+05
  10   7   8   6  7.16569732E+04
  11   7   8   6  3.85012848E+04
  12   7   8   6  2.33365222E+04
  13   7   8   6  1.53656267E+04
  14   7   8   6  1.07385720E+04
  15   7   8   6  7.84796102E+03
  16   7   8   6  5.93776208E+03
  17   7   8   6  4.61832627E+03
  18   7   8   6  3.67383471E+03
  19   7   8   6  2.97760047E+03
  20   7   8   6  2.45161822E+03
  21   7   8   6  2.04589955E+03
  22   7   8   6  1.72730596E+03
  23   7   8   6  1.47322076E+03
  24   7   8   6  1.26781386E+03
  25   7   8   6  1.09975799E+03
  26   7   8   6  9.60788360E+02
  27   7   8   6  8.44769421E+02
  28   7   8   6  7.47075224E+02
  29   7   8   6  6.64169152E+02
  30   7   8   6  5.93313067E+02
   9   6   8   7  4.83653237E+02
   9   7   9   6  5.16323375E-20
  10   7   9   6  7.60602987E+04
  11   7   9   6  4.30092872E+04
  12   7   9   6  2.64116830E+04
  13   7   9   6  1.74811915E+04
  14   7   9   6  1.22486544E+04
  15   7   9   6  8.96465845E+03
  16   7   9   6  6.78880703E+03
  17   7   9   6  5.28343055E+03
  18   7   9   6  4.20467554E+03
  19   7   9   6  3.40887211E+03
  20   7   9   6  2.80734223E+03
  21   7   9   6  2.34316149E+03
  22   7   9   6  1.97854689E+03
  23   7   9   6  1.68768818E+03
  24   7   9   6  1.45250729E+03
  25   7   9   6  1.26006119E+03
  26   7   9   6  1.10090206E+03
  27   7   9   6  9.68013567E+02
  28   7   9   6  8.56104139E+02
  29   7   9   6  7.61127293E+02
  30   7   9   6  6.79949492E+02
  10   6   8   7  1.68874471E+02
  10   6   9   7  6.89791199E+02
  10   6  10   7  3.51558466E-25
  11   7  10   6  3.97491994E+04
  12   7  10   6  2.56563135E+04
  13   7  10   6  1.71938519E+04
  14   7  10   6  1.21058095E+04
  15   7  10   6  8.88090899E+03
  16   7  10   6  6.73410778E+03
  17   7  10   6  5.24497240E+03
  18   7  10   6  4.17618542E+03
  19   7  10   6  3.38694008E+03
  20   7  10   6  2.78995926E+03
  21   7  10   6  2.32906653E+03
  22   7  10   6  1.96690730E+03
  23   7  10   6  1.67793121E+03
  24   7  10   6  1.44422543E+03
  25   7  10   6  1.25295631E+03
  26   7  10   6  1.09475082E+03
  27   7  10   6  9.62645265E+02
  28   7  10   6  8.51386044E+02
  29   7  10   6  7.56954627E+02
  30   7  10   6  6.76238449E+02
  11   6   8   7  7.77685132E+01
  11   6   9   7  2.83204816E+02
  11   6  10   7  7.05946152E+02
  11   7  11   6  6.56065697E-19
  12   7  11   6  2.22766971E+04
  13   7  11   6  1.56701728E+04
  14   7  11   6  1.11638909E+04
  15   7  11   6  8.22654977E+03
  16   7  11   6  6.25102706E+03
  17   7  11   6  4.87418992E+03
  18   7  11   6  3.88350981E+03
  19   7  11   6  3.15086667E+03
  20   7  11   6  2.59619130E+03
  21   7  11   6  2.16770253E+03
  22   7  11   6  1.83086753E+03
  23   7  11   6  1.56202070E+03
  24   7  11   6  1.34454888E+03
  25   7  11   6  1.16653856E+03
  26   7  11   6  1.01928288E+03
  27   7  11   6  8.96309860E+02
  28   7  11   6  7.92734998E+02
  29   7  11   6  7.04821009E+02
  30   7  11   6  6.29672506E+02
  12   6   8   7  4.25158438E+01
  12   6   9   7  1.43765768E+02
  12   6  10   7  3.24646648E+02
  12   6  11   7  6.39279126E+02
  12   7  12   6  1.34026697E-18
  13   7  12   6  1.32121558E+04
  14   7  12   6  9.86657827E+03
  15   7  12   6  7.35197591E+03
  16   7  12   6  5.60931425E+03
  17   7  12   6  4.38191045E+03
  18   7  12   6  3.49460097E+03
  19   7  12   6  2.83682677E+03
  20   7  12   6  2.33816255E+03
  21   7  12   6  1.95263210E+03
  22   7  12   6  1.64941357E+03
  23   7  12   6  1.40731864E+03
  24   7  12   6  1.21144392E+03
  25   7  12   6  1.05108811E+03
  26   7  12   6  9.18423372E+02
  27   7  12   6  8.07627493E+02
  28   7  12   6  7.14304416E+02
  29   7  12   6  6.35089497E+02
  30   7  12   6  5.67375422E+02
  13   6   8   7  2.60094769E+01
  13   6   9   7  8.38194690E+01
  13   6  10   7  1.77125503E+02
  13   6  11   7  3.19991985E+02
  13   6  12   7  5.47672242E+02
  13   7  13   6  1.08992951E-18
  14   7  13   6  8.21147036E+03
  15   7  13   6  6.40512478E+03
  16   7  13   6  4.93840602E+03
  17   7  13   6  3.87211183E+03
  18   7  13   6  3.09298139E+03
  19   7  13   6  2.51275114E+03
  20   7  13   6  2.07188455E+03
  21   7  13   6  1.73062940E+03
  22   7  13   6  1.46205095E+03
  23   7  13   6  1.24752802E+03
  24   7  13   6  1.07392023E+03
  25   7  13   6  9.31773547E+02
  26   7  13   6  8.14163844E+02
  27   7  13   6  7.15936882E+02
  28   7  13   6  6.33198832E+02
  29   7  13   6  5.62968347E+02
  30   7  13   6  5.02934557E+02
  14   6   8   7  1.72092222E+01
  14   6   9   7  5.36532984E+01
  14   6  10   7  1.08526972E+02
  14   6  11   7  1.84633857E+02
  14   6  12   7  2.92891376E+02
  14   6  13   7  4.56790589E+02
  14   7  14   6  8.60302319E-19
  15   7  14   6  5.30798760E+03
  16   7  14   6  4.27854778E+03
  17   7  14   6  3.38795091E+03
  18   7  14   6  2.71527165E+03
  19   7  14   6  2.20889888E+03
  20   7  14   6  1.82244830E+03
  21   7  14   6  1.52269728E+03
  22   7  14   6  1.28653953E+03
  23   7  14   6  1.09781041E+03
  24   7  14   6  9.45033960E+02
  25   7  14   6  8.19926146E+02
  26   7  14   6  7.16407993E+02
  27   7  14   6  6.29949129E+02
  28   7  14   6  5.57124582E+02
  29   7  14   6  4.95310832E+02
  30   7  14   6  4.42473808E+02
  15   6   8   7  1.20587626E+01
  15   6   9   7  3.67068534E+01
  15   6  10   7  7.20242804E+01
  15   6  11   7  1.17714282E+02
  15   6  12   7  1.76761917E+02
  15   6  13   7  2.57665146E+02
  15   6  14   7  3.76221267E+02
  15   7  15   6  8.90763169E-19
  16   7  15   6  3.54777882E+03
  17   7  15   6  2.93337432E+03
  18   7  15   6  2.37279253E+03
  19   7  15   6  1.93603798E+03
  20   7  15   6  1.59912315E+03
  21   7  15   6  1.33669411E+03
  22   7  15   6  1.12955798E+03
  23   7  15   6  9.63880644E+02
  24   7  15   6  8.29712520E+02
  25   7  15   6  7.19825725E+02
  26   7  15   6  6.28898591E+02
  27   7  15   6  5.52957836E+02
  28   7  15   6  4.88996548E+02
  29   7  15   6  4.34710099E+02
  30   7  15   6  3.88311100E+02
  16   6   8   7  8.82609397E+00
  16   6   9   7  2.63883701E+01
  16   6  10   7  5.06431117E+01
  16   6  11   7  8.04726345E+01
  16   6  12   7  1.16438894E+02
  16   6  13   7  1.61362773E+02
  16   6  14   7  2.21760738E+02
  16   6  15   7  3.08327464E+02
  16   7  16   6  9.63819275E-19
  17   7  16   6  2.44050704E+03
  18   7  16   6  2.05888644E+03
  19   7  16   6  1.69453545E+03
  20   7  16   6  1.40333460E+03
  21   7  16   6  1.17409177E+03
  22   7  16   6  9.92433083E+02
  23   7  16   6  8.46899182E+02
  24   7  16   6  7.28965980E+02
  25   7  16   6  6.32353810E+02
  26   7  16   6  5.52408770E+02
  27   7  16   6  4.85644760E+02
  28   7  16   6  4.29419110E+02
  29   7  16   6  3.81704618E+02
  30   7  16   6  3.40928407E+02
  17   6   8   7  6.68416896E+00
  17   6   9   7  1.97086861E+01
  17   6  10   7  3.71956202E+01
  17   6  11   7  5.78967973E+01
  17   6  12   7  8.16055077E+01
  17   6  13   7  1.09250871E+02
  17   6  14   7  1.43260083E+02
  17   6  15   7  1.88587249E+02
  17   6  16   7  2.52519232E+02
  17   7  17   6  9.87334024E-19
  18   7  17   6  1.72135152E+03
  19   7  17   6  1.47592773E+03
  20   7  17   6  1.23225312E+03
  21   7  17   6  1.03333412E+03
  22   7  17   6  8.74050795E+02
  23   7  17   6  7.45973573E+02
  24   7  17   6  6.42044965E+02
  25   7  17   6  5.56867047E+02
  26   7  17   6  4.86379216E+02
  27   7  17   6  4.27519482E+02
  28   7  17   6  3.77959397E+02
  29   7  17   6  3.35910167E+02
  30   7  17   6  2.99982994E+02
  18   6   8   7  5.20245347E+00
  18   6   9   7  1.51718171E+01
  18   6  10   7  2.82626267E+01
  18   6  11   7  4.33073054E+01
  18   6  12   7  5.98725127E+01
  18   6  13   7  7.82103470E+01
  18   6  14   7  9.92913101E+01
  18   6  15   7  1.25102356E+02
  18   6  16   7  1.59404301E+02
  18   6  17   7  2.07192710E+02
  18   7  18   6  9.68949575E-19
  19   7  18   6  1.24105317E+03
  20   7  18   6  1.07831745E+03
  21   7  18   6  9.11137504E+02
  22   7  18   6  7.72225241E+02
  23   7  18   6  6.59382772E+02
  24   7  18   6  5.67508296E+02
  25   7  18   6  4.92127212E+02
  26   7  18   6  4.29731828E+02
  27   7  18   6  3.77635209E+02
  28   7  18   6  3.33780469E+02
  29   7  18   6  2.96582837E+02
  30   7  18   6  2.64810431E+02
  19   6   8   7  4.14090601E+00
  19   6   9   7  1.19690928E+01
  19   6  10   7  2.20662730E+01
  19   6  11   7  3.34002651E+01
  19   6  12   7  4.54990350E+01
  19   6  13   7  5.83619972E+01
  19   6  14   7  7.23978404E+01
  19   6  15   7  8.84792323E+01
  19   6  16   7  1.08194254E+02
  19   6  17   7  1.34407736E+02
  19   6  18   7  1.70562883E+02
  19   7  19   6  8.71987817E-19
  20   7  19   6  9.12298449E+02
  21   7  19   6  8.01430217E+02
  22   7  19   6  6.84078930E+02
  23   7  19   6  5.85106153E+02
  24   7  19   6  5.03721312E+02
  25   7  19   6  4.36744248E+02
  26   7  19   6  3.81259813E+02
  27   7  19   6  3.34932708E+02
  28   7  19   6  2.95945795E+02
  29   7  19   6  2.62889839E+02
  30   7  19   6  2.34666549E+02
  20   6   8   7  3.35801105E+00
  20   6   9   7  9.63549395E+00
  20   6  10   7  1.76149973E+01
  20   6  11   7  2.64023020E+01
  20   6  12   7  3.55515247E+01
  20   6  13   7  4.49698614E+01
  20   6  14   7  5.48320322E+01
  20   6  15   7  6.55592869E+01
  20   6  16   7  7.78871547E+01
  20   6  17   7  9.30729058E+01
  20   6  18   7  1.13312682E+02
  20   6  19   7  1.40989501E+02
  20   7  20   6  7.89107121E-19
  21   7  20   6  6.82312639E+02
  22   7  20   6  6.04936967E+02
  23   7  20   6  5.20852017E+02
  24   7  20   6  4.49036766E+02
  25   7  20   6  3.89365996E+02
  26   7  20   6  3.39801554E+02
  27   7  20   6  2.98395405E+02
  28   7  20   6  2.63557075E+02
  29   7  20   6  2.34032245E+02
  30   7  20   6  2.08837179E+02
  21   6   8   7  2.76638930E+00
  21   6   9   7  7.88970966E+00
  21   6  10   7  1.43235599E+01
  21   6  11   7  2.12978933E+01
  21   6  12   7  2.84125267E+01
  21   6  13   7  3.55463210E+01
  21   6  14   7  4.27710019E+01
  21   6  15   7  5.03082719E+01
  21   6  16   7  5.85360802E+01
  21   6  17   7  6.80563218E+01
  21   6  18   7  7.98628980E+01
  21   6  19   7  9.56526110E+01
  21   6  20   7  1.17078573E+02
  21   7  21   6  7.11832127E-19
  22   7  21   6  5.18259297E+02
  23   7  21   6  4.63079430E+02
  24   7  21   6  4.01702913E+02
  25   7  21   6  3.48719428E+02
  26   7  21   6  3.04301990E+02
  27   7  21   6  2.67109596E+02
  28   7  21   6  2.35809189E+02
  29   7  21   6  2.09294336E+02
  30   7  21   6  1.86682378E+02
  22   6   8   7  2.30994639E+00
  22   6   9   7  6.55421023E+00
  22   6  10   7  1.18300343E+01
  22   6  11   7  1.74741413E+01
  22   6  12   7  2.31346256E+01
  22   6  13   7  2.86878735E+01
  22   6  14   7  3.41587726E+01
  22   6  15   7  3.96738561E+01
  22   6  16   7  4.54471815E+01
  22   6  17   7  5.17984469E+01
  22   6  18   7  5.92141884E+01
  22   6  19   7  6.84823802E+01
  22   6  20   7  8.09253074E+01
  22   6  21   7  9.76897200E+01
  22   7  22   6  6.30867525E-19
  23   7  22   6  3.99172390E+02
  24   7  22   6  3.59049127E+02
  25   7  22   6  3.13489762E+02
  26   7  22   6  2.73801648E+02
  27   7  22   6  2.40274601E+02
  28   7  22   6  2.12003963E+02
  29   7  22   6  1.88057066E+02
  30   7  22   6  1.67648771E+02
  23   6   8   7  1.95145635E+00
  23   6   9   7  5.51287543E+00
  23   6  10   7  9.90166239E+00
  23   6  11   7  1.45447115E+01
  23   6  12   7  1.91348765E+01
  23   6  13   7  2.35561702E+01
  23   6  14   7  2.78120427E+01
  23   6  15   7  3.19805694E+01
  23   6  16   7  3.61943111E+01
  23   6  17   7  4.06404969E+01
  23   6  18   7  4.55825100E+01
  23   6  19   7  5.14122976E+01
  23   6  20   7  5.87579377E+01
  23   6  21   7  6.86589228E+01
  23   6  22   7  8.19082925E+01
  23   7  23   6  5.38764596E-19
  24   7  23   6  3.11350722E+02
  25   7  23   6  2.81658833E+02
  26   7  23   6  2.47320658E+02
  27   7  23   6  2.17175419E+02
  28   7  23   6  1.91541657E+02
  29   7  23   6  1.69794368E+02
  30   7  23   6  1.51267281E+02
  24   6   8   7  1.66549753E+00
  24   6   9   7  4.68738477E+00
  24   6  10   7  8.38369005E+00
  24   6  11   7  1.22570108E+01
  24   6  12   7  1.60396378E+01
  24   6  13   7  1.96265871E+01
  24   6  14   7  2.30117991E+01
  24   6  15   7  2.62471958E+01
  24   6  16   7  2.94217301E+01
  24   6  17   7  3.26551492E+01
  24   6  18   7  3.61042653E+01
  24   6  19   7  3.99836894E+01
  24   6  20   7  4.46096842E+01
  24   6  21   7  5.04861830E+01
  24   6  22   7  5.84374660E+01
  24   6  23   7  6.90080273E+01
  24   7  24   6  4.72840685E-19
  25   7  24   6  2.45651071E+02
  26   7  24   6  2.23325739E+02
  27   7  24   6  1.97082760E+02
  28   7  24   6  1.73891866E+02
  29   7  24   6  1.54059413E+02
  30   7  24   6  1.37143733E+02
  25   6   8   7  1.43427141E+00
  25   6   9   7  4.02348949E+00
  25   6  10   7  7.17023644E+00
  25   6  11   7  1.04406560E+01
  25   6  12   7  1.36010275E+01
  25   6  13   7  1.65578734E+01
  25   6  14   7  1.93013465E+01
  25   6  15   7  2.18684687E+01
  25   6  16   7  2.43232359E+01
  25   6  17   7  2.67483613E+01
  25   6  18   7  2.92455277E+01
  25   6  19   7  3.19435350E+01
  25   6  20   7  3.50167859E+01
  25   6  21   7  3.87215709E+01
  25   6  22   7  4.34651021E+01
  25   6  23   7  4.99065342E+01
  25   6  24   7  5.84148384E+01
  25   7  25   6  4.07567410E-19
  26   7  25   6  1.95854841E+02
  27   7  25   6  1.78823149E+02
  28   7  25   6  1.58510405E+02
  29   7  25   6  1.40459008E+02
  30   7  25   6  1.24945914E+02
  26   6   8   7  1.24504088E+00
  26   6   9   7  3.48273013E+00
  26   6  10   7  6.18703266E+00
  26   6  11   7  8.97758028E+00
  26   6  12   7  1.16496782E+01
  26   6  13   7  1.41206797E+01
  26   6  14   7  1.63797046E+01
  26   6  15   7  1.84548281E+01
  26   6  16   7  2.03948381E+01
  26   6  17   7  2.22606866E+01
  26   6  18   7  2.41233715E+01
  26   6  19   7  2.60668392E+01
  26   6  20   7  2.81961014E+01
  26   6  21   7  3.06531462E+01
  26   6  22   7  3.36468603E+01
  26   6  23   7  3.75087009E+01
  26   6  24   7  4.27700051E+01
  26   6  25   7  4.96754487E+01
  26   7  26   6  3.52697488E-19
  27   7  26   6  1.57658613E+02
  28   7  26   6  1.44492093E+02
  29   7  26   6  1.28585187E+02
  30   7  26   6  1.14381458E+02
  27   6   8   7  1.08851287E+00
  27   6   9   7  3.03727686E+00
  27   6  10   7  5.38083395E+00
  27   6  11   7  7.78402738E+00
  27   6  12   7  1.00668828E+01
  27   6  13   7  1.21564896E+01
  27   6  14   7  1.40422300E+01
  27   6  15   7  1.57465195E+01
  27   6  16   7  1.73083167E+01
  27   6  17   7  1.87749527E+01
  27   6  18   7  2.01991616E+01
  27   6  19   7  2.16397183E+01
  27   6  20   7  2.31650840E+01
  27   6  21   7  2.48608121E+01
  27   6  22   7  2.68430213E+01
  27   6  23   7  2.92830185E+01
  27   6  24   7  3.24526065E+01
  27   6  25   7  3.67832658E+01
  27   6  26   7  4.24315799E+01
  27   7  27   6  2.97264957E-19
  28   7  27   6  1.28036815E+02
  29   7  27   6  1.17734029E+02
  30   7  27   6  1.05143092E+02
  28   6   8   7  9.57789042E-01
  28   6   9   7  2.66662171E+00
  28   6  10   7  4.71272353E+00
  28   6  11   7  6.79934087E+00
  28   6  12   7  8.76756763E+00
  28   6  13   7  1.05530528E+01
  28   6  14   7  1.21460078E+01
  28   6  15   7  1.35650763E+01
  28   6  16   7  1.48425061E+01
  28   6  17   7  1.60165927E+01
  28   6  18   7  1.71285082E+01
  28   6  19   7  1.82219511E+01
  28   6  20   7  1.93447654E+01
  28   6  21   7  2.05525987E+01
  28   6  22   7  2.19153728E+01
  28   6  23   7  2.35285610E+01
  28   6  24   7  2.55336380E+01
  28   6  25   7  2.81549621E+01
  28   6  26   7  3.17455340E+01
  28   6  27   7  3.63994038E+01
  28   7  28   6  2.76532436E-19
  29   7  28   6  1.04831073E+02
  30   7  28   6  9.66787735E+01
  29   6   8   7  8.47669107E-01
  29   6   9   7  2.35540501E+00
  29   6  10   7  4.15376463E+00
  29   6  11   7  5.97878349E+00
  29   6  12   7  7.68955688E+00
  29   6  13   7  9.22917824E+00
  29   6  14   7  1.05888910E+01
  29   6  15   7  1.17846927E+01
  29   6  16   7  1.28440154E+01
  29   6  17   7  1.37988369E+01
  29   6  18   7  1.46825854E+01
  29   6  19   7  1.55293732E+01
  29   6  20   7  1.63746620E+01
  29   6  21   7  1.72571739E+01
  29   6  22   7  1.82222146E+01
  29   6  23   7  1.93272172E+01
  29   6  24   7  2.06511660E+01
  29   6  25   7  2.23117053E+01
  29   6  26   7  2.44952095E+01
  29   6  27   7  2.74924987E+01
  29   6  28   7  3.13533406E+01
  29   7  29   6  2.34622307E-19
  30   7  29   6  8.64808830E+01
  30   6   8   7  7.54177789E-01
  30   6   9   7  2.09195346E+00
  30   6  10   7  3.68210693E+00
  30   6  11   7  5.28881565E+00
  30   6  12   7  6.78661057E+00
  30   6  13   7  8.12502951E+00
  30   6  14   7  9.29637131E+00
  30   6  15   7  1.03146847E+01
  30   6  16   7  1.12037900E+01
  30   6  17   7  1.19910370E+01
  30   6  18   7  1.27043973E+01
  30   6  19   7  1.33715458E+01
  30   6  20   7  1.40200669E+01
  30   6  21   7  1.46785082E+01
  30   6  22   7  1.53782056E+01
  30   6  23   7  1.61562261E+01
  30   6  24   7  1.70599817E+01
  30   6  25   7  1.81553440E+01
  30   6  26   7  1.95406472E+01
  30   6  27   7  2.13717712E+01
  30   6  28   7  2.38898385E+01
  30   6  29   7  2.71134411E+01
  30   7  30   6  1.96854083E-19
   9   8   8   7  2.03686367E+05
  10   8   8   7  5.35252903E+04
  11   8   8   7  2.19780340E+04
  12   8   8   7  1.12956635E+04
  13   8   8   7  6.65044586E+03
  14   8   8   7  4.28777242E+03
  15   8   8   7  2.94928349E+03
  16   8   8   7  2.12894559E+03
  17   8   8   7  1.59515528E+03
  18   8   8   7  1.23110275E+03
  19   8   8   7  9.73240555E+02
  20   8   8   7  7.84831760E+02
  21   8   8   7  6.43553351E+02
  22   8   8   7  5.35264385E+02
  23   8   8   7  4.50685462E+02
  24   8   8   7  3.83540308E+02
  25   8   8   7  3.29471058E+02
  26   8   8   7  2.85381616E+02
  27   8   8   7  2.49027350E+02
  28   8   8   7  2.18751418E+02
  29   8   8   7  1.93311038E+02
  30   8   8   7  1.71760429E+02
   9   8   9   7  6.82266755E-20
  10   8   9   7  9.53298003E+04
  11   8   9   7  4.12394912E+04
  12   8   9   7  2.14852084E+04
  13   8   9   7  1.27196569E+04
  14   8   9   7  8.22368510E+03
  15   8   9   7  5.66563610E+03
  16   8   9   7  4.09389121E+03
  17   8   9   7  3.06951894E+03
  18   8   9   7  2.37012072E+03
  19   8   9   7  1.87434555E+03
  20   8   9   7  1.51189670E+03
  21   8   9   7  1.23999601E+03
  22   8   9   7  1.03151524E+03
  23   8   9   7  8.68637710E+02
  24   8   9   7  7.39304937E+02
  25   8   9   7  6.35139823E+02
  26   8   9   7  5.50188229E+02
  27   8   9   7  4.80131951E+02
  28   8   9   7  4.21782630E+02
  29   8   9   7  3.72748114E+02
  30   8   9   7  3.31207539E+02
  10   7   9   8  2.17946407E+02
  10   8  10   7  2.05224380E-19
  11   8  10   7  4.89299741E+04
  12   8  10   7  2.68332505E+04
  13   8  10   7  1.60961268E+04
  14   8  10   7  1.04615275E+04
  15   8  10   7  7.22623067E+03
  16   8  10   7  5.22929737E+03
  17   8  10   7  3.92443580E+03
  18   8  10   7  3.03209274E+03
  19   8  10   7  2.39886825E+03
  20   8  10   7  1.93558709E+03
  21   8  10   7  1.58785563E+03
  22   8  10   7  1.32112301E+03
  23   8  10   7  1.11267067E+03
  24   8  10   7  9.47108720E+02
  25   8  10   7  8.13738386E+02
  26   8  10   7  7.04951261E+02
  27   8  10   7  6.15227005E+02
  28   8  10   7  5.40488230E+02
  29   8  10   7  4.77674877E+02
  30   8  10   7  4.24457122E+02
  11   7   9   8  7.20520419E+01
  11   7  10   8  3.35041946E+02
  11   8  11   7  8.67886895E-19
  12   8  11   7  2.70123240E+04
  13   8  11   7  1.70381711E+04
  14   8  11   7  1.12146920E+04
  15   8  11   7  7.78497336E+03
  16   8  11   7  5.64727002E+03
  17   8  11   7  4.24382028E+03
  18   8  11   7  3.28154467E+03
  19   8  11   7  2.59760922E+03
  20   8  11   7  2.09671043E+03
  21   8  11   7  1.72047886E+03
  22   8  11   7  1.43174031E+03
  23   8  11   7  1.20600740E+03
  24   8  11   7  1.02667086E+03
  25   8  11   7  8.82173459E+02
  26   8  11   7  7.64290527E+02
  27   8  11   7  6.67051351E+02
  28   8  11   7  5.86044020E+02
  29   8  11   7  5.17956296E+02
  30   8  11   7  4.60265663E+02
  12   7   9   8  3.18298083E+01
  12   7  10   8  1.31122536E+02
  12   7  11   8  3.64670441E+02
  12   8  12   7  8.40140383E-20
  13   8  12   7  1.58172572E+04
  14   8  12   7  1.09347937E+04
  15   8  12   7  7.68303388E+03
  16   8  12   7  5.59923759E+03
  17   8  12   7  4.21703706E+03
  18   8  12   7  3.26475474E+03
  19   8  12   7  2.58616371E+03
  20   8  12   7  2.08841590E+03
  21   8  12   7  1.71418807E+03
  22   8  12   7  1.42680178E+03
  23   8  12   7  1.20202558E+03
  24   8  12   7  1.02339205E+03
  25   8  12   7  8.79427347E+02
  26   8  12   7  7.61958339E+02
  27   8  12   7  6.65047581E+02
  28   8  12   7  5.84305423E+02
  29   8  12   7  5.16435006E+02
  30   8  12   7  4.58924732E+02
  13   7   9   8  1.68498001E+01
  13   7  10   8  6.42094573E+01
  13   7  11   8  1.60660717E+02
  13   7  12   8  3.47709923E+02
  13   8  13   7  3.94699998E-20
  14   8  13   7  9.72281285E+03
  15   8  13   7  7.16665370E+03
  16   8  13   7  5.28347240E+03
  17   8  13   7  3.99641234E+03
  18   8  13   7  3.10013901E+03
  19   8  13   7  2.45835146E+03
  20   8  13   7  1.98640380E+03
  21   8  13   7  1.63105716E+03
  22   8  13   7  1.35792723E+03
  23   8  13   7  1.14417884E+03
  24   8  13   7  9.74244094E+02
  25   8  13   7  8.37253726E+02
  26   8  13   7  7.25454645E+02
  27   8  13   7  6.33209173E+02
  28   8  13   7  5.56346443E+02
  29   8  13   7  4.91732355E+02
  30   8  13   7  4.36978412E+02
  14   7   9   8  1.00501096E+01
  14   7  10   8  3.64058333E+01
  14   7  11   8  8.49028307E+01
  14   7  12   8  1.67389567E+02
  14   7  13   8  3.11241311E+02
  14   8  14   7  8.70364705E-20
  15   8  14   7  6.22481779E+03
  16   8  14   7  4.80860984E+03
  17   8  14   7  3.67731486E+03
  18   8  14   7  2.86398541E+03
  19   8  14   7  2.27514129E+03
  20   8  14   7  1.84002777E+03
  21   8  14   7  1.51161392E+03
  22   8  14   7  1.25884397E+03
  23   8  14   7  1.06087145E+03
  24   8  14   7  9.03401587E+02
  25   8  14   7  7.76419972E+02
  26   8  14   7  6.72768110E+02
  27   8  14   7  5.87233510E+02
  28   8  14   7  5.15956289E+02
  29   8  14   7  4.56034164E+02
  30   8  14   7  4.05254312E+02
  15   7   9   8  6.51670084E+00
  15   7  10   8  2.27950318E+01
  15   7  11   8  5.07510332E+01
  15   7  12   8  9.38426589E+01
  15   7  13   8  1.60587824E+02
  15   7  14   8  2.69591832E+02
  15   8  15   7  1.84314104E-19
  16   8  15   7  4.12549809E+03
  17   8  15   7  3.30198191E+03
  18   8  15   7  2.59855469E+03
  19   8  15   7  2.07184229E+03
  20   8  15   7  1.67824433E+03
  21   8  15   7  1.37974750E+03
  22   8  15   7  1.14947098E+03
  23   8  15   7  9.68893997E+02
  24   8  15   7  8.25161956E+02
  25   8  15   7  7.09212206E+02
  26   8  15   7  6.14543290E+02
  27   8  15   7  5.36410904E+02
  28   8  15   7  4.71297102E+02
  29   8  15   7  4.16554389E+02
  30   8  15   7  3.70163034E+02
  16   7   9   8  4.49259989E+00
  16   7  10   8  1.53214663E+01
  16   7  11   8  3.30270894E+01
  16   7  12   8  5.85118088E+01
  16   7  13   8  9.43993748E+01
  16   7  14   8  1.47099121E+02
  16   7  15   8  2.29471523E+02
  16   8  16   7  2.44566198E-19
  17   8  16   7  2.81665232E+03
  18   8  16   7  2.31734026E+03
  19   8  16   7  1.86592621E+03
  20   8  16   7  1.51649600E+03
  21   8  16   7  1.24846837E+03
  22   8  16   7  1.04073547E+03
  23   8  16   7  8.77483921E+02
  24   8  16   7  7.47400952E+02
  25   8  16   7  6.42402505E+02
  26   8  16   7  5.56649523E+02
  27   8  16   7  4.85865162E+02
  28   8  16   7  4.26871260E+02
  29   8  16   7  3.77272935E+02
  30   8  16   7  3.35241718E+02
  17   7   9   8  3.24495391E+00
  17   7  10   8  1.08572657E+01
  17   7  11   8  2.28582374E+01
  17   7  12   8  3.92978670E+01
  17   7  13   8  6.09313559E+01
  17   7  14   8  8.99099924E+01
  17   7  15   8  1.31129082E+02
  17   7  16   8  1.93582503E+02
  17   8  17   7  2.40194664E-19
  18   8  17   7  1.97332607E+03
  19   8  17   7  1.65933354E+03
  20   8  17   7  1.36122672E+03
  21   8  17   7  1.12403523E+03
  22   8  17   7  9.38093636E+02
  23   8  17   7  7.91311281E+02
  24   8  17   7  6.74119014E+02
  25   8  17   7  5.79437464E+02
  26   8  17   7  5.02076648E+02
  27   8  17   7  4.38207551E+02
  28   8  17   7  3.84973951E+02
  29   8  17   7  3.40219031E+02
  30   8  17   7  3.02294109E+02
  18   7   9   8  2.43088908E+00
  18   7  10   8  8.01391540E+00
  18   7  11   8  1.65730964E+01
  18   7  12   8  2.78705260E+01
  18   7  13   8  4.20165738E+01
  18   7  14   8  5.97408045E+01
  18   7  15   8  8.28172848E+01
  18   7  16   8  1.15008002E+02
  18   7  17   8  1.62662650E+02
  18   8  18   7  2.15798299E-19
  19   8  18   7  1.41411752E+03
  20   8  18   7  1.21021705E+03
  21   8  18   7  1.00818752E+03
  22   8  18   7  8.43703949E+02
  23   8  18   7  7.12375457E+02
  24   8  18   7  6.07071954E+02
  25   8  18   7  5.21843474E+02
  26   8  18   7  4.52153440E+02
  27   8  18   7  3.94600297E+02
  28   8  18   7  3.46627397E+02
  29   8  18   7  3.06296757E+02
  30   8  18   7  2.72124009E+02
  19   7   9   8  1.87509597E+00
  19   7  10   8  6.10930249E+00
  19   7  11   8  1.24593636E+01
  19   7  12   8  2.06034152E+01
  19   7  13   8  3.04234149E+01
  19   7  14   8  4.21306952E+01
  19   7  15   8  5.64043684E+01
  19   7  16   8  7.46939168E+01
  19   7  17   8  9.99044651E+01
  19   7  18   8  1.36556123E+02
  19   8  19   7  1.73417696E-19
  20   8  19   7  1.03382065E+03
  21   8  19   7  8.97585129E+02
  22   8  19   7  7.57426585E+02
  23   8  19   7  6.41085565E+02
  24   8  19   7  5.46741516E+02
  25   8  19   7  4.70073416E+02
  26   8  19   7  4.07284657E+02
  27   8  19   7  3.55400828E+02
  28   8  19   7  3.12147079E+02
  29   8  19   7  2.75785490E+02
  30   8  19   7  2.44979923E+02
  20   7   9   8  1.48137823E+00
  20   7  10   8  4.78070374E+00
  20   7  11   8  9.64189712E+00
  20   7  12   8  1.57358003E+01
  20   7  13   8  2.28701786E+01
  20   7  14   8  3.10569941E+01
  20   7  15   8  4.05560243E+01
  20   7  16   8  5.19690475E+01
  20   7  17   8  6.64709400E+01
  20   7  18   8  8.63174632E+01
  20   7  19   8  1.14750019E+02
  20   8  20   7  1.50752313E-19
  21   8  20   7  7.69339164E+02
  22   8  20   7  6.75969474E+02
  23   8  20   7  5.76653958E+02
  24   8  20   7  4.92852450E+02
  25   8  20   7  4.23989923E+02
  26   8  20   7  3.67379559E+02
  27   8  20   7  3.20538523E+02
  28   8  20   7  2.81473553E+02
  29   8  20   7  2.48633418E+02
  30   8  20   7  2.20815954E+02
  21   7   9   8  1.19382497E+00
  21   7  10   8  3.82256126E+00
  21   7  11   8  7.63997370E+00
  21   7  12   8  1.23377592E+01
  21   7  13   8  1.77092731E+01
  21   7  14   8  2.36900001E+01
  21   7  15   8  3.03672009E+01
  21   7  16   8  3.80047961E+01
  21   7  17   8  4.71182074E+01
  21   7  18   8  5.86560680E+01
  21   7  19   8  7.43810039E+01
  21   7  20   8  9.66323996E+01
  21   8  21   7  1.28970580E-19
  22   8  21   7  5.81691325E+02
  23   8  21   7  5.16222768E+02
  24   8  21   7  4.44485042E+02
  25   8  21   7  3.83102765E+02
  26   8  21   7  3.32087779E+02
  27   8  21   7  2.89728226E+02
  28   8  21   7  2.54362191E+02
  29   8  21   7  2.24625871E+02
  30   8  21   7  1.99441584E+02
  22   7   9   8  9.78351328E-01
  22   7  10   8  3.11213838E+00
  22   7  11   8  6.17368157E+00
  22   7  12   8  9.88432441E+00
  22   7  13   8  1.40461016E+01
  22   7  14   8  1.85682961E+01
  22   7  15   8  2.34642855E+01
  22   7  16   8  2.88520955E+01
  22   7  17   8  3.49758111E+01
  22   7  18   8  4.22681335E+01
  22   7  19   8  5.14947363E+01
  22   7  20   8  6.40424949E+01
  22   7  21   8  8.16089287E+01
  22   8  22   7  1.08068534E-19
  23   8  22   7  4.46147720E+02
  24   8  22   7  3.99288159E+02
  25   8  22   7  3.46559106E+02
  26   8  22   7  3.00900752E+02
  27   8  22   7  2.62582378E+02
  28   8  22   7  2.30487616E+02
  29   8  22   7  2.03479255E+02
  30   8  22   7  1.80605604E+02
  23   7   9   8  8.13325695E-01
  23   7  10   8  2.57288334E+00
  23   7  11   8  5.07200859E+00
  23   7  12   8  8.06267386E+00
  23   7  13   8  1.13637089E+01
  23   7  14   8  1.48793586E+01
  23   7  15   8  1.85913450E+01
  23   7  16   8  2.25508021E+01
  23   7  17   8  2.68804962E+01
  23   7  18   8  3.17952498E+01
  23   7  19   8  3.76544508E+01
  23   7  20   8  4.50774679E+01
  23   7  21   8  5.51634559E+01
  23   7  22   8  6.91494464E+01
  23   8  23   7  8.46415869E-20
  24   8  23   7  3.46643421E+02
  25   8  23   7  3.12472312E+02
  26   8  23   7  2.73094596E+02
  27   8  23   7  2.38647702E+02
  28   8  23   7  2.09494638E+02
  29   8  23   7  1.84890855E+02
  30   8  23   7  1.64041706E+02
  24   7   9   8  6.84540565E-01
  24   7  10   8  2.15525281E+00
  24   7  11   8  4.22617425E+00
  24   7  12   8  6.67786676E+00
  24   7  13   8  9.34783362E+00
  24   7  14   8  1.21440863E+01
  24   7  15   8  1.50356520E+01
  24   7  16   8  1.80417655E+01
  24   7  17   8  2.12270935E+01
  24   7  18   8  2.47064881E+01
  24   7  19   8  2.86639909E+01
  24   7  20   8  3.33967503E+01
  24   7  21   8  3.94077083E+01
  24   7  22   8  4.75743971E+01
  24   7  23   8  5.88009760E+01
  24   8  24   7  7.34805434E-20
  25   8  24   7  2.72516295E+02
  26   8  24   7  2.47172002E+02
  27   8  24   7  2.17335277E+02
  28   8  24   7  1.91005441E+02
  29   8  24   7  1.68559727E+02
  30   8  24   7  1.49490711E+02
  25   7   9   8  5.82384115E-01
  25   7  10   8  1.82615039E+00
  25   7  11   8  3.56456742E+00
  25   7  12   8  5.60375742E+00
  25   7  13   8  7.79922600E+00
  25   7  14   8  1.00661097E+01
  25   7  15   8  1.23694813E+01
  25   7  16   8  1.47130870E+01
  25   7  17   8  1.71322096E+01
  25   7  18   8  1.96923995E+01
  25   7  19   8  2.24956304E+01
  25   7  20   8  2.56973507E+01
  25   7  21   8  2.95430840E+01
  25   7  22   8  3.44432008E+01
  25   7  23   8  4.11034218E+01
  25   7  24   8  5.01855726E+01
  25   8  25   7  6.54632287E-20
  26   8  25   7  2.16551285E+02
  27   8  25   7  1.97460793E+02
  28   8  25   7  1.74550978E+02
  29   8  25   7  1.54181734E+02
  30   8  25   7  1.36707931E+02
  26   7   9   8  5.00183709E-01
  26   7  10   8  1.56285075E+00
  26   7  11   8  3.03863172E+00
  26   7  12   8  4.75604915E+00
  26   7  13   8  6.58699134E+00
  26   7  14   8  8.45464284E+00
  26   7  15   8  1.03241531E+01
  26   7  16   8  1.21918137E+01
  26   7  17   8  1.40773934E+01
  26   7  18   8  1.60206055E+01
  26   7  19   8  1.80821061E+01
  26   7  20   8  2.03499602E+01
  26   7  21   8  2.29545936E+01
  26   7  22   8  2.60992338E+01
  26   7  23   8  3.01205201E+01
  26   7  24   8  3.55900258E+01
  26   7  25   8  4.29921119E+01
  26   8  26   7  5.35615211E-20
  27   8  26   7  1.73778814E+02
  28   8  26   7  1.59194064E+02
  29   8  26   7  1.41387093E+02
  30   8  26   7  1.25452701E+02
  27   7   9   8  4.33200971E-01
  27   7  10   8  1.34937020E+00
  27   7  11   8  2.61458596E+00
  27   7  12   8  4.07682469E+00
  27   7  13   8  5.62248946E+00
  27   7  14   8  7.18266230E+00
  27   7  15   8  8.72435813E+00
  27   7  16   8  1.02404641E+01
  27   7  17   8  1.17422794E+01
  27   7  18   8  1.32552549E+01
  27   7  19   8  1.48178899E+01
  27   7  20   8  1.64838024E+01
  27   7  21   8  1.83279594E+01
  27   7  22   8  2.04595726E+01
  27   7  23   8  2.30473740E+01
  27   7  24   8  2.63691350E+01
  27   7  25   8  3.08908646E+01
  27   7  26   8  3.69663352E+01
  27   8  27   7  4.57059954E-20
  28   8  27   7  1.40720203E+02
  29   8  27   7  1.29432135E+02
  30   8  27   7  1.15435116E+02
  28   7   9   8  3.78002906E-01
  28   7  10   8  1.17422591E+00
  28   7  11   8  2.26839192E+00
  28   7  12   8  3.52531541E+00
  28   7  13   8  4.84409630E+00
  28   7  14   8  6.16312196E+00
  28   7  15   8  7.45197317E+00
  28   7  16   8  8.70220790E+00
  28   7  17   8  9.92038216E+00
  28   7  18   8  1.11237065E+01
  28   7  19   8  1.23381222E+01
  28   7  20   8  1.35984839E+01
  28   7  21   8  1.49510726E+01
  28   7  22   8  1.64592765E+01
  28   7  23   8  1.82145871E+01
  28   7  24   8  2.03577074E+01
  28   7  25   8  2.31190887E+01
  28   7  26   8  2.68812231E+01
  28   7  27   8  3.19012359E+01
  28   8  28   7  4.46863712E-20
  29   8  28   7  1.14903965E+02
  30   8  28   7  1.06062425E+02
  29   7   9   8  3.32057478E-01
  29   7  10   8  1.02901191E+00
  29   7  11   8  1.98259988E+00
  29   7  12   8  3.07220614E+00
  29   7  13   8  4.20797530E+00
  29   7  14   8  5.33486162E+00
  29   7  15   8  6.42518336E+00
  29   7  16   8  7.47023273E+00
  29   7  17   8  8.47386026E+00
  29   7  18   8  9.44831463E+00
  29   7  19   8  1.04120568E+01
  29   7  20   8  1.13891297E+01
  29   7  21   8  1.24100140E+01
  29   7  22   8  1.35141642E+01
  29   7  23   8  1.47550593E+01
  29   7  24   8  1.62095115E+01
  29   7  25   8  1.79954332E+01
  29   7  26   8  2.03050314E+01
  29   7  27   8  2.34542758E+01
  29   7  28   8  2.76284814E+01
  29   8  29   7  3.51099978E-20
  30   8  29   7  9.45500395E+01
  30   7   9   8  2.93466975E-01
  30   7  10   8  9.07470142E-01
  30   7  11   8  1.74431559E+00
  30   7  12   8  2.69601516E+00
  30   7  13   8  3.68230514E+00
  30   7  14   8  4.65395783E+00
  30   7  15   8  5.58594990E+00
  30   7  16   8  6.46984046E+00
  30   7  17   8  7.30791875E+00
  30   7  18   8  8.10932810E+00
  30   7  19   8  8.88786489E+00
  30   7  20   8  9.66101806E+00
  30   7  21   8  1.04500639E+01
  30   7  22   8  1.12811622E+01
  30   7  23   8  1.21877770E+01
  30   7  24   8  1.32150024E+01
  30   7  25   8  1.44276370E+01
  30   7  26   8  1.59248604E+01
  30   7  27   8  1.78679351E+01
  30   7  28   8  2.05194281E+01
  30   7  29   8  2.40111513E+01
  30   8  30   7  2.89589032E-20
  10   9   9   8  1.18832163E+05
  11   9   9   8  2.95459293E+04
  12   9   9   8  1.16310917E+04
  13   9   9   8  5.78546654E+03
  14   9   9   8  3.31958396E+03
  15   9   9   8  2.09665828E+03
  16   9   9   8  1.41839489E+03
  17   9   9   8  1.01009857E+03
  18   9   9   8  7.48459186E+02
  19   9   9   8  5.72344798E+02
  20   9   9   8  4.49004124E+02
  21   9   9   8  3.59761989E+02
  22   9   9   8  2.93409965E+02
  23   9   9   8  2.42926691E+02
  24   9   9   8  2.03751017E+02
  25   9   9   8  1.72826110E+02
  26   9   9   8  1.48047106E+02
  27   9   9   8  1.27929890E+02
  28   9   9   8  1.11405936E+02
  29   9   9   8  9.76914967E+01
  30   9   9   8  8.62020760E+01
  10   8  10   9  6.06113145E-21
  11   9  10   8  5.99174974E+04
  12   9  10   8  2.48499567E+04
  13   9  10   8  1.25297458E+04
  14   9  10   8  7.22903852E+03
  15   9  10   8  4.57858755E+03
  16   9  10   8  3.10238607E+03
  17   9  10   8  2.21156567E+03
  18   9  10   8  1.63982677E+03
  19   9  10   8  1.25456977E+03
  20   9  10   8  9.84553542E+02
  21   9  10   8  7.89076637E+02
  22   9  10   8  6.43676885E+02
  23   9  10   8  5.33014403E+02
  24   9  10   8  4.47116325E+02
  25   9  10   8  3.79294765E+02
  26   9  10   8  3.24942311E+02
  27   9  10   8  2.80809008E+02
  28   9  10   8  2.44554182E+02
  29   9  10   8  2.14460507E+02
  30   9  10   8  1.89246942E+02
  11   8  10   9  1.06617967E+02
  11   8  11   9  3.84161680E-20
  12   9  11   8  3.25913265E+04
  13   9  11   8  1.73002904E+04
  14   9  11   8  1.01142417E+04
  15   9  11   8  6.43996225E+03
  16   9  11   8  4.37514279E+03
  17   9  11   8  3.12353766E+03
  18   9  11   8  2.31819151E+03
  19   9  11   8  1.77465738E+03
  20   9  11   8  1.39330489E+03
  21   9  11   8  1.11702186E+03
  22   9  11   8  9.11406071E+02
  23   9  11   8  7.54850449E+02
  24   9  11   8  6.33291572E+02
  25   9  11   8  5.37290284E+02
  26   9  11   8  4.60339452E+02
  27   9  11   8  3.97846705E+02
  28   9  11   8  3.46503155E+02
  29   9  11   8  3.03880279E+02
  30   9  11   8  2.68166007E+02
  12   8  10   9  3.34116508E+01
  12   8  11   9  1.74242822E+02
  12   9  12   8  8.94019912E-23
  13   9  12   8  1.88456210E+04
  14   9  12   8  1.15888244E+04
  15   9  12   8  7.47386618E+03
  16   9  12   8  5.10322621E+03
  17   9  12   8  3.65235685E+03
  18   9  12   8  2.71441780E+03
  19   9  12   8  2.07974339E+03
  20   9  12   8  1.63373546E+03
  21   9  12   8  1.31027448E+03
  22   9  12   8  1.06937586E+03
  23   9  12   8  8.85862376E+02
  24   9  12   8  7.43318263E+02
  25   9  12   8  6.30711819E+02
  26   9  12   8  5.40431076E+02
  27   9  12   8  4.67100211E+02
  28   9  12   8  4.06843768E+02
  29   9  12   8  3.56816193E+02
  30   9  12   8  3.14893526E+02
  13   8  10   9  1.41545202E+01
  13   8  11   9  6.50506816E+01
  13   8  12   9  1.99607282E+02
  13   9  13   8  2.14055034E-19
  14   9  13   8  1.14596657E+04
  15   9  13   8  7.76605277E+03
  16   9  13   8  5.36849477E+03
  17   9  13   8  3.86059160E+03
  18   9  13   8  2.87577549E+03
  19   9  13   8  2.20615374E+03
  20   9  13   8  1.73434912E+03
  21   9  13   8  1.39164214E+03
  22   9  13   8  1.13615406E+03
  23   9  13   8  9.41395368E+02
  24   9  13   8  7.90045258E+02
  25   9  13   8  6.70441608E+02
  26   9  13   8  5.74526762E+02
  27   9  13   8  4.96604683E+02
  28   9  13   8  4.32566156E+02
  29   9  13   8  3.79392366E+02
  30   9  13   8  3.34829087E+02
  14   8  10   9  7.24746911E+00
  14   8  11   9  3.07135642E+01
  14   8  12   9  8.42923947E+01
  14   8  13   9  1.98780958E+02
  14   9  14   8  4.72383317E-19
  15   9  14   8  7.26797517E+03
  16   9  14   8  5.27401299E+03
  17   9  14   8  3.83780058E+03
  18   9  14   8  2.87166333E+03
  19   9  14   8  2.20766131E+03
  20   9  14   8  1.73750305E+03
  21   9  14   8  1.39509817E+03
  22   9  14   8  1.13944650E+03
  23   9  14   8  9.44378237E+02
  24   9  14   8  7.92693374E+02
  25   9  14   8  6.72774452E+02
  26   9  14   8  5.76578175E+02
  27   9  14   8  4.98410708E+02
  28   9  14   8  4.34160383E+02
  29   9  14   8  3.80804431E+02
  30   9  14   8  3.36084478E+02
  15   8  10   9  4.20821927E+00
  15   8  11   9  1.69163963E+01
  15   8  12   9  4.31240938E+01
  15   8  13   9  9.20729387E+01
  15   8  14   9  1.84720351E+02
  15   9  15   8  4.00819590E-19
  16   9  15   8  4.77706369E+03
  17   9  15   8  3.64522418E+03
  18   9  15   8  2.75866187E+03
  19   9  15   8  2.12971743E+03
  20   9  15   8  1.67939214E+03
  21   9  15   8  1.34979308E+03
  22   9  15   8  1.10307001E+03
  23   9  15   8  9.14540668E+02
  24   9  15   8  7.67811558E+02
  25   9  15   8  6.51745828E+02
  26   9  15   8  5.58606304E+02
  27   9  15   8  4.82903900E+02
  28   9  15   8  4.20669072E+02
  29   9  15   8  3.68980644E+02
  30   9  15   8  3.25654619E+02
  16   8  10   9  2.66958787E+00
  16   8  11   9  1.03463426E+01
  16   8  12   9  2.51227314E+01
  16   8  13   9  5.01294070E+01
  16   8  14   9  9.19840061E+01
  16   8  15   9  1.65303816E+02
  16   9  16   8  2.58192532E-19
  17   9  16   8  3.23757534E+03
  18   9  16   8  2.56663976E+03
  19   9  16   8  2.00306371E+03
  20   9  16   8  1.58570977E+03
  21   9  16   8  1.27671592E+03
  22   9  16   8  1.04426139E+03
  23   9  16   8  8.66191969E+02
  24   9  16   8  7.27414322E+02
  25   9  16   8  6.17550945E+02
  26   9  16   8  5.29345899E+02
  27   9  16   8  4.57632377E+02
  28   9  16   8  3.98665372E+02
  29   9  16   8  3.49684895E+02
  30   9  16   8  3.08625446E+02
  17   8  10   9  1.80751033E+00
  17   8  11   9  6.82169392E+00
  17   8  12   9  1.60114184E+01
  17   8  13   9  3.05397152E+01
  17   8  14   9  5.26444635E+01
  17   8  15   9  8.72735691E+01
  17   8  16   9  1.44794328E+02
  17   9  17   8  1.59401587E-19
  18   9  17   8  2.25332890E+03
  19   9  17   8  1.84027309E+03
  20   9  17   8  1.47198519E+03
  21   9  17   8  1.18945534E+03
  22   9  17   8  9.74400702E+02
  23   9  17   8  8.08844516E+02
  24   9  17   8  6.79510492E+02
  25   9  17   8  5.76994180E+02
  26   9  17   8  4.94630092E+02
  27   9  17   8  4.27638472E+02
  28   9  17   8  3.72541188E+02
  29   9  17   8  3.26768908E+02
  30   9  17   8  2.88396002E+02
  18   8  10   9  1.28612549E+00
  18   8  11   9  4.75761489E+00
  18   8  12   9  1.08928896E+01
  18   8  13   9  2.01285635E+01
  18   8  14   9  3.32687523E+01
  18   8  15   9  5.20430153E+01
  18   8  16   9  8.02354343E+01
  18   8  17   9  1.25291193E+02
  18   9  18   8  1.16437874E-19
  19   9  18   8  1.60522081E+03
  20   9  18   8  1.34230991E+03
  21   9  18   8  1.09541863E+03
  22   9  18   8  9.00370293E+02
  23   9  18   8  7.48416391E+02
  24   9  18   8  6.29131000E+02
  25   9  18   8  5.34365808E+02
  26   9  18   8  4.58142563E+02
  27   9  18   8  3.96108761E+02
  28   9  18   8  3.45073049E+02
  29   9  18   8  3.02668204E+02
  30   9  18   8  2.67115847E+02
  19   8  10   9  9.51460921E-01
  19   8  11   9  3.46517846E+00
  19   8  12   9  7.78563842E+00
  19   8  13   9  1.40552423E+01
  19   8  14   9  2.25501064E+01
  19   8  15   9  3.39124480E+01
  19   8  16   9  4.95246876E+01
  19   8  17   9  7.23180216E+01
  19   8  18   9  1.07693691E+02
  19   9  19   8  9.03720192E-20
  20   9  19   8  1.16724099E+03
  21   9  19   8  9.94873628E+02
  22   9  19   8  8.25444103E+02
  23   9  19   8  6.88242829E+02
  24   9  19   8  5.79236581E+02
  25   9  19   8  4.92226977E+02
  26   9  19   8  4.22094097E+02
  27   9  19   8  3.64959778E+02
  28   9  19   8  3.17932371E+02
  29   9  19   8  2.78849491E+02
  30   9  19   8  2.46079709E+02
  20   8  10   9  7.26199607E-01
  20   8  11   9  2.61214047E+00
  20   8  12   9  5.78321016E+00
  20   8  13   9  1.02563202E+01
  20   8  14   9  1.60974546E+01
  20   8  15   9  2.35396590E+01
  20   8  16   9  3.31244403E+01
  20   8  17   9  4.59703489E+01
  20   8  18   9  6.43679003E+01
  20   8  19   9  9.22700369E+01
  20   9  20   8  8.43135517E-20
  21   9  20   8  8.64386223E+02
  22   9  20   8  7.48352686E+02
  23   9  20   8  6.29566446E+02
  24   9  20   8  5.31338606E+02
  25   9  20   8  4.51981912E+02
  26   9  20   8  3.87724463E+02
  27   9  20   8  3.35275051E+02
  28   9  20   8  2.92067038E+02
  29   9  20   8  2.56145561E+02
  30   9  20   8  2.26023064E+02
  21   8  10   9  5.68595032E-01
  21   8  11   9  2.02470527E+00
  21   8  12   9  4.43014631E+00
  21   8  13   9  7.74787190E+00
  21   8  14   9  1.19574967E+01
  21   8  15   9  1.71258549E+01
  21   8  16   9  2.34687181E+01
  21   8  17   9  3.14472288E+01
  21   8  18   9  4.19705247E+01
  21   8  19   9  5.68415727E+01
  21   8  20   9  7.89759948E+01
  21   9  21   8  7.42265725E-20
  22   9  21   8  6.50636127E+02
  23   9  21   8  5.70646124E+02
  24   9  21   8  4.85721400E+02
  25   9  21   8  4.14228186E+02
  26   9  21   8  3.55637826E+02
  27   9  21   8  3.07604076E+02
  28   9  21   8  2.67964402E+02
  29   9  21   8  2.34986715E+02
  30   9  21   8  2.07326576E+02
  22   8  10   9  4.54732974E-01
  22   8  11   9  1.60582238E+00
  22   8  12   9  3.48002621E+00
  22   8  13   9  6.01843599E+00
  22   8  14   9  9.16616671E+00
  22   8  15   9  1.29199571E+01
  22   8  16   9  1.73589321E+01
  22   8  17   9  2.26821910E+01
  22   8  18   9  2.92809699E+01
  22   8  19   9  3.78960318E+01
  22   8  20   9  4.99563296E+01
  22   8  21   9  6.76274014E+01
  22   9  22   8  6.51905243E-20
  23   9  22   8  4.96978833E+02
  24   9  22   8  4.40638623E+02
  25   9  22   8  3.78827846E+02
  26   9  22   8  3.25989729E+02
  27   9  22   8  2.82151522E+02
  28   9  22   8  2.45823168E+02
  29   9  22   8  2.15553524E+02
  30   9  22   8  1.90151519E+02
  23   8  10   9  3.70224573E-01
  23   8  11   9  1.29830923E+00
  23   8  12   9  2.79130822E+00
  23   8  13   9  4.78333870E+00
  23   8  14   9  7.20778815E+00
  23   8  15   9  1.00321866E+01
  23   8  16   9  1.32754398E+01
  23   8  17   9  1.70232221E+01
  23   8  18   9  2.14549095E+01
  23   8  19   9  2.69005270E+01
  23   8  20   9  3.39652087E+01
  23   8  21   9  4.37891016E+01
  23   8  22   9  5.79906143E+01
  23   9  23   8  5.34165897E-20
  24   9  23   8  3.84675698E+02
  25   9  23   8  3.44211392E+02
  26   9  23   8  2.98481592E+02
  27   9  23   8  2.58871659E+02
  28   9  23   8  2.25657531E+02
  29   9  23   8  1.97873881E+02
  30   9  23   8  1.74527060E+02
  24   8  10   9  3.06046101E-01
  24   8  11   9  1.06692786E+00
  24   8  12   9  2.27857645E+00
  24   8  13   9  3.87509334E+00
  24   8  14   9  5.78832169E+00
  24   8  15   9  7.97483399E+00
  24   8  16   9  1.04265817E+01
  24   8  17   9  1.31771729E+01
  24   8  18   9  1.63117649E+01
  24   8  19   9  1.99884785E+01
  24   8  20   9  2.44845560E+01
  24   8  21   9  3.02959151E+01
  24   8  22   9  3.83383239E+01
  24   8  23   9  4.98278697E+01
  24   9  24   8  5.17483772E-20
  25   9  24   8  3.01355911E+02
  26   9  24   8  2.71772579E+02
  27   9  24   8  2.37428783E+02
  28   9  24   8  2.07341213E+02
  29   9  24   8  1.81878732E+02
  30   9  24   8  1.60403920E+02
  25   8  10   9  2.56334691E-01
  25   8  11   9  8.89121553E-01
  25   8  12   9  1.88810302E+00
  25   8  13   9  3.19052456E+00
  25   8  14   9  4.73115320E+00
  25   8  15   9  6.46394657E+00
  25   8  16   9  8.36917295E+00
  25   8  17   9  1.04556864E+01
  25   8  18   9  1.27639438E+01
  25   8  19   9  1.53738746E+01
  25   8  20   9  1.84226967E+01
  25   8  21   9  2.21428610E+01
  25   8  22   9  2.69423307E+01
  25   8  23   9  3.35614958E+01
  25   8  24   9  4.29183435E+01
  25   9  25   8  5.30277961E-20
  26   9  25   8  2.38689163E+02
  27   9  25   8  2.16706191E+02
  28   9  25   8  1.90555648E+02
  29   9  25   8  1.67420081E+02
  30   9  25   8  1.47683976E+02
  26   8  10   9  2.17162965E-01
  26   8  11   9  7.49971926E-01
  26   8  12   9  1.58487771E+00
  26   8  13   9  2.66356493E+00
  26   8  14   9  3.92551698E+00
  26   8  15   9  5.32586547E+00
  26   8  16   9  6.84044884E+00
  26   8  17   9  8.46624443E+00
  26   8  18   9  1.02214897E+01
  26   8  19   9  1.21480488E+01
  26   8  20   9  1.43182430E+01
  26   8  21   9  1.68499756E+01
  26   8  22   9  1.99381377E+01
  26   8  23   9  2.39197744E+01
  26   8  24   9  2.93973317E+01
  26   8  25   9  3.70664147E+01
  26   9  26   8  4.25102607E-20
  27   9  26   8  1.90963812E+02
  28   9  26   8  1.74382951E+02
  29   9  26   8  1.54216885E+02
  30   9  26   8  1.36223928E+02
  27   8  10   9  1.85829069E-01
  27   8  11   9  6.39328940E-01
  27   8  12   9  1.34538256E+00
  27   8  13   9  2.25048650E+00
  27   8  14   9  3.29936526E+00
  27   8  15   9  4.44994987E+00
  27   8  16   9  5.67714105E+00
  27   8  17   9  6.97237163E+00
  27   8  18   9  8.34249902E+00
  27   8  19   9  9.80984567E+00
  27   8  20   9  1.14144963E+01
  27   8  21   9  1.32204202E+01
  27   8  22   9  1.53283635E+01
  27   8  23   9  1.79019303E+01
  27   8  24   9  2.12209067E+01
  27   8  25   9  2.57784770E+01
  27   8  26   9  3.21033688E+01
  27   9  27   8  4.04981671E-20
  28   9  27   8  1.54198664E+02
  29   9  27   8  1.41519474E+02
  30   9  27   8  1.25785371E+02
  28   8  10   9  1.60430236E-01
  28   8  11   9  5.50113515E-01
  28   8  12   9  1.15339565E+00
  28   8  13   9  1.92150853E+00
  28   8  14   9  2.80434920E+00
  28   8  15   9  3.76322836E+00
  28   8  16   9  4.77376818E+00
  28   8  17   9  5.82505769E+00
  28   8  18   9  6.91805228E+00
  28   8  19   9  8.06462649E+00
  28   8  20   9  9.28792146E+00
  28   8  21   9  1.06246837E+01
  28   8  22   9  1.21307207E+01
  28   8  23   9  1.38918862E+01
  28   8  24   9  1.60458720E+01
  28   8  25   9  1.88260101E+01
  28   8  26   9  2.26385048E+01
  28   8  27   9  2.78860323E+01
  28   9  28   8  3.95713609E-20
  29   9  28   8  1.25576398E+02
  30   9  28   8  1.15757185E+02
  29   8  10   9  1.39598386E-01
  29   8  11   9  4.77279247E-01
  29   8  12   9  9.97464529E-01
  29   8  13   9  1.65583700E+00
  29   8  14   9  2.40713519E+00
  29   8  15   9  3.21612611E+00
  29   8  16   9  4.05989615E+00
  29   8  17   9  4.92682838E+00
  29   8  18   9  5.81484532E+00
  29   8  19   9  6.73006680E+00
  29   8  20   9  7.68630892E+00
  29   8  21   9  8.70575549E+00
  29   8  22   9  9.82123076E+00
  29   8  23   9  1.10810416E+01
  29   8  24   9  1.25582973E+01
  29   8  25   9  1.43692883E+01
  29   8  26   9  1.67094757E+01
  29   8  27   9  1.99154236E+01
  29   8  28   9  2.42940709E+01
  29   9  29   8  3.03868381E-20
  30   9  29   8  1.03075390E+02
  30   8  10   9  1.22331529E-01
  30   8  11   9  4.17158133E-01
  30   8  12   9  8.69335839E-01
  30   8  13   9  1.43863060E+00
  30   8  14   9  2.08419222E+00
  30   8  15   9  2.77408636E+00
  30   8  16   9  3.48714242E+00
  30   8  17   9  4.21186988E+00
  30   8  18   9  4.94469978E+00
  30   8  19   9  5.68851912E+00
  30   8  20   9  6.45181454E+00
  30   8  21   9  7.24858969E+00
  30   8  22   9  8.09920645E+00
  30   8  23   9  9.03255612E+00
  30   8  24   9  1.00902415E+01
  30   8  25   9  1.13346570E+01
  30   8  26   9  1.28642720E+01
  30   8  27   9  1.48436708E+01
  30   8  28   9  1.75532609E+01
  30   8  29   9  2.12269260E+01
  30   9  30   8  2.70518638E-20
  11  10  10   9  7.30664356E+04
  12  10  10   9  1.72120929E+04
  13  10  10   9  6.49498576E+03
  14  10  10   9  3.12366003E+03
  15  10  10   9  1.74422470E+03
  16  10  10   9  1.07748097E+03
  17  10  10   9  7.15705358E+02
  18  10  10   9  5.01988002E+02
  19  10  10   9  3.67248361E+02
  20  10  10   9  2.77828253E+02
  21  10  10   9  2.15974117E+02
  22  10  10   9  1.71703971E+02
  23  10  10   9  1.39102710E+02
  24  10  10   9  1.14507597E+02
  25  10  10   9  9.55643228E+01
  26  10  10   9  8.07102489E+01
  27  10  10   9  6.88788849E+01
  28  10  10   9  5.93243832E+01
  29  10  10   9  5.15137633E+01
  30  10  10   9  4.50587915E+01
  11   9  11  10  1.02865291E-19
  12  10  11   9  3.91647599E+04
  13  10  11   9  1.55698835E+04
  14  10  11   9  7.59042991E+03
  15  10  11   9  4.26182154E+03
  16  10  11   9  2.64001898E+03
  17  10  11   9  1.75640435E+03
  18  10  11   9  1.23315949E+03
  19  10  11   9  9.02771993E+02
  20  10  11   9  6.83282955E+02
  21  10  11   9  5.31345157E+02
  22  10  11   9  4.22541446E+02
  23  10  11   9  3.42383547E+02
  24  10  11   9  2.81891210E+02
  25  10  11   9  2.35287801E+02
  26  10  11   9  1.98736895E+02
  27  10  11   9  1.69618912E+02
  28  10  11   9  1.46101144E+02
  29  10  11   9  1.26873529E+02
  30  10  11   9  1.10981535E+02
  12   9  11  10  5.57528429E+01
  12  10  12   9  4.79776071E-21
  13  10  12   9  2.23671871E+04
  14  10  12   9  1.14808714E+04
  15  10  12   9  6.53232678E+03
  16  10  12   9  4.06809727E+03
  17  10  12   9  2.71369604E+03
  18  10  12   9  1.90814619E+03
  19  10  12   9  1.39822959E+03
  20  10  12   9  1.05894141E+03
  21  10  12   9  8.23829016E+02
  22  10  12   9  6.55340133E+02
  23  10  12   9  5.31144815E+02
  24  10  12   9  4.37381503E+02
  25  10  12   9  3.65123825E+02
  26  10  12   9  3.08438624E+02
  27  10  12   9  2.63272049E+02
  28  10  12   9  2.26786528E+02
  29  10  12   9  1.96952871E+02
  30  10  12   9  1.72292095E+02
  13   9  11  10  1.65876501E+01
  13   9  12  10  9.58727176E+01
  13   9  13  10  3.16371315E-22
  14  10  13   9  1.34567475E+04
  15  10  13   9  8.05539908E+03
  16  10  13   9  5.08179116E+03
  17  10  13   9  3.40726796E+03
  18  10  13   9  2.40186806E+03
  19  10  13   9  1.76250201E+03
  20  10  13   9  1.33598028E+03
  21  10  13   9  1.03994977E+03
  22  10  13   9  8.27584423E+02
  23  10  13   9  6.70935007E+02
  24  10  13   9  5.52609173E+02
  25  10  13   9  4.61387988E+02
  26  10  13   9  3.89805502E+02
  27  10  13   9  3.32756036E+02
  28  10  13   9  2.86663353E+02
  29  10  13   9  2.48968694E+02
  30  10  13   9  2.17806321E+02
  14   9  11  10  6.74081456E+00
  14   9  12  10  3.41809981E+01
  14   9  13  10  1.14676179E+02
  14   9  14  10  1.34244344E-20
  15  10  14   9  8.45574303E+03
  16  10  14   9  5.60745991E+03
  17  10  14   9  3.80703350E+03
  18  10  14   9  2.69679525E+03
  19  10  14   9  1.98360601E+03
  20  10  14   9  1.50554543E+03
  21  10  14   9  1.17286944E+03
  22  10  14   9  9.33837284E+02
  23  10  14   9  7.57337583E+02
  24  10  14   9  6.23925754E+02
  25  10  14   9  5.21024302E+02
  26  10  14   9  4.40247607E+02
  27  10  14   9  3.75853589E+02
  28  10  14   9  3.23816444E+02
  29  10  14   9  2.81253722E+02
  30  10  14   9  2.46062533E+02
  15   9  11  10  3.33678042E+00
  15   9  12  10  1.55604488E+01
  15   9  13  10  4.64562516E+01
  15   9  14  10  1.18524838E+02
  15   9  15  10  1.30173545E-20
  16  10  15   9  5.51260590E+03
  17  10  15   9  3.93069757E+03
  18  10  15   9  2.81822669E+03
  19  10  15   9  2.08254633E+03
  20  10  15   9  1.58413068E+03
  21  10  15   9  1.23556850E+03
  22  10  15   9  9.84456867E+02
  23  10  15   9  7.98748011E+02
  24  10  15   9  6.58237021E+02
  25  10  15   9  5.49789205E+02
  26  10  15   9  4.64620338E+02
  27  10  15   9  3.96703174E+02
  28  10  15   9  3.41806097E+02
  29  10  15   9  2.96896295E+02
  30  10  15   9  2.59759581E+02
  16   9  11  10  1.88443304E+00
  16   9  12  10  8.32052839E+00
  16   9  13  10  2.30061825E+01
  16   9  14  10  5.28561454E+01
  16   9  15  10  1.13761151E+02
  16   9  16  10  1.03643004E-21
  17  10  16   9  3.70914328E+03
  18  10  16   9  2.79041324E+03
  19  10  16   9  2.08612576E+03
  20  10  16   9  1.59381389E+03
  21  10  16   9  1.24566146E+03
  22  10  16   9  9.93574379E+02
  23  10  16   9  8.06650751E+02
  24  10  16   9  6.65005501E+02
  25  10  16   9  5.55579964E+02
  26  10  16   9  4.69591241E+02
  27  10  16   9  4.00992395E+02
  28  10  16   9  3.45528689E+02
  29  10  16   9  3.00146267E+02
  30  10  16   9  2.62613306E+02
  17   9  11  10  1.16820005E+00
  17   9  12  10  4.96642057E+00
  17   9  13  10  1.30543060E+01
  17   9  14  10  2.79430104E+01
  17   9  15  10  5.47026037E+01
  17   9  16  10  1.04738045E+02
  17  10  17   9  6.02064815E-23
  18  10  17   9  2.56489338E+03
  19  10  17   9  2.01012801E+03
  20  10  17   9  1.55303076E+03
  21  10  17   9  1.21879653E+03
  22  10  17   9  9.73970494E+02
  23  10  17   9  7.91500419E+02
  24  10  17   9  6.52869015E+02
  25  10  17   9  5.45615253E+02
  26  10  17   9  4.61259479E+02
  27  10  17   9  3.93926430E+02
  28  10  17   9  3.39466743E+02
  29  10  17   9  2.94895251E+02
  30  10  17   9  2.58027005E+02
  18   9  11  10  7.75838631E-01
  18   9  12  10  3.20865583E+00
  18   9  13  10  8.14102066E+00
  18   9  14  10  1.66235585E+01
  18   9  15  10  3.04758103E+01
  18   9  16  10  5.35303439E+01
  18   9  17  10  9.40828667E+01
  18  10  18   9  4.05989070E-21
  19  10  18   9  1.81656612E+03
  20  10  18   9  1.46989718E+03
  21  10  18   9  1.16601398E+03
  22  10  18   9  9.35394647E+02
  23  10  18   9  7.61450800E+02
  24  10  18   9  6.28617392E+02
  25  10  18   9  5.25587448E+02
  26  10  18   9  4.44441539E+02
  27  10  18   9  3.79618750E+02
  28  10  18   9  3.27164053E+02
  29  10  18   9  2.84220637E+02
  30  10  18   9  2.48692379E+02
  19   9  11  10  5.43123467E-01
  19   9  12  10  2.19984295E+00
  19   9  13  10  5.43874976E+00
  19   9  14  10  1.07435708E+01
  19   9  15  10  1.88459930E+01
  19   9  16  10  3.11376845E+01
  19   9  17  10  5.05757299E+01
  19   9  18  10  8.32612068E+01
  19  10  19   9  1.35491358E-20
  20  10  19   9  1.31397652E+03
  21  10  19   9  1.09065610E+03
  22  10  19   9  8.84002106E+02
  23  10  19   9  7.22213339E+02
  24  10  19   9  5.97144535E+02
  25  10  19   9  4.99640153E+02
  26  10  19   9  4.22657092E+02
  27  10  19   9  3.61080314E+02
  28  10  19   9  3.11216592E+02
  29  10  19   9  2.70377602E+02
  30  10  19   9  2.36582375E+02
  20   9  11  10  3.96270679E-01
  20   9  12  10  1.57915520E+00
  20   9  13  10  3.82807702E+00
  20   9  14  10  7.37955155E+00
  20   9  15  10  1.25472907E+01
  20   9  16  10  1.98886633E+01
  20   9  17  10  3.05042783E+01
  20   9  18  10  4.67072015E+01
  20   9  19  10  7.30269925E+01
  20  10  20   9  2.51165224E-20
  21  10  20   9  9.68391253E+02
  22  10  20   9  8.20565833E+02
  23  10  20   9  6.77036728E+02
  24  10  20   9  5.61670710E+02
  25  10  20   9  4.70606288E+02
  26  10  20   9  3.98343728E+02
  27  10  20   9  3.40406737E+02
  28  10  20   9  2.93434861E+02
  29  10  20   9  2.54940386E+02
  30  10  20   9  2.23074788E+02
  21   9  11  10  2.98890801E-01
  21   9  12  10  1.17573621E+00
  21   9  13  10  2.80654676E+00
  21   9  14  10  5.31040941E+00
  21   9  15  10  8.82318347E+00
  21   9  16  10  1.35793210E+01
  21   9  17  10  2.00277565E+01
  21   9  18  10  2.90552445E+01
  21   9  19  10  4.24891346E+01
  21   9  20  10  6.37203888E+01
  21  10  21   9  2.87218253E-20
  22  10  21   9  7.25729852E+02
  23  10  21   9  6.25454734E+02
  24  10  21   9  5.23803878E+02
  25  10  21   9  4.40243322E+02
  26  10  21   9  3.73096347E+02
  27  10  21   9  3.18993254E+02
  28  10  21   9  2.75032122E+02
  29  10  21   9  2.38966667E+02
  30  10  21   9  2.09096297E+02
  22   9  11  10  2.31651024E-01
  22   9  12  10  9.01664104E-01
  22   9  13  10  2.12590748E+00
  22   9  14  10  3.96407133E+00
  22   9  15  10  6.47079394E+00
  22   9  16  10  9.74323715E+00
  22   9  17  10  1.39739176E+01
  22   9  18  10  1.95345375E+01
  22   9  19  10  2.71470166E+01
  22   9  20  10  3.82666046E+01
  22   9  21  10  5.54509723E+01
  22  10  22   9  3.04848560E-20
  23  10  22   9  5.52107565E+02
  24  10  22   9  4.82565110E+02
  25  10  22   9  4.09265338E+02
  26  10  22   9  3.47837499E+02
  27  10  22   9  2.97711923E+02
  28  10  22   9  2.56785382E+02
  29  10  22   9  2.23139782E+02
  30  10  22   9  1.95247628E+02
  23   9  11  10  1.83637488E-01
  23   9  12  10  7.08561812E-01
  23   9  13  10  1.65385671E+00
  23   9  14  10  3.04778003E+00
  23   9  15  10  4.90620299E+00
  23   9  16  10  7.26409109E+00
  23   9  17  10  1.02035376E+01
  23   9  18  10  1.38895313E+01
  23   9  19  10  1.86334579E+01
  23   9  20  10  2.50269124E+01
  23   9  21  10  3.42370110E+01
  23   9  22  10  4.82060780E+01
  23  10  23   9  2.81421645E-20
  24  10  23   9  4.25761015E+02
  25  10  23   9  3.76551592E+02
  26  10  23   9  3.22810711E+02
  27  10  23   9  2.77018532E+02
  28  10  23   9  2.39152698E+02
  29  10  23   9  2.07877307E+02
  30  10  23   9  1.81900472E+02
  24   9  11  10  1.48370160E-01
  24   9  12  10  5.68304696E-01
  24   9  13  10  1.31543005E+00
  24   9  14  10  2.40086084E+00
  24   9  15  10  3.82162595E+00
  24   9  16  10  5.58349189E+00
  24   9  17  10  7.71792170E+00
  24   9  18  10  1.02992584E+01
  24   9  19  10  1.34707808E+01
  24   9  20  10  1.74945442E+01
  24   9  21  10  2.28577527E+01
  24   9  22  10  3.05025789E+01
  24   9  23  10  4.19131994E+01
  24  10  24   9  3.09332084E-20
  25  10  24   9  3.32396686E+02
  26  10  24   9  2.96929196E+02
  27  10  24   9  2.56920361E+02
  28  10  24   9  2.22334426E+02
  29  10  24   9  1.93404050E+02
  30  10  24   9  1.69266677E+02
  25   9  11  10  1.21834182E-01
  25   9  12  10  4.63771722E-01
  25   9  13  10  1.06594608E+00
  25   9  14  10  1.92997428E+00
  25   9  15  10  3.04386012E+00
  25   9  16  10  4.39959252E+00
  25   9  17  10  6.00454011E+00
  25   9  18  10  7.89065019E+00
  25   9  19  10  1.01260807E+01
  25   9  20  10  1.28353422E+01
  25   9  21  10  1.62394225E+01
  25   9  22  10  2.07413152E+01
  25   9  23  10  2.71063668E+01
  25   9  24  10  3.64750150E+01
  25  10  25   9  3.50296950E-20
  26  10  25   9  2.62435490E+02
  27  10  25   9  2.36437828E+02
  28  10  25   9  2.06228387E+02
  29  10  25   9  1.79784788E+02
  30  10  25   9  1.57442647E+02
  26   9  11  10  1.01449836E-01
  26   9  12  10  3.84125046E-01
  26   9  13  10  8.77615890E-01
  26   9  14  10  1.57828215E+00
  26   9  15  10  2.47010491E+00
  26   9  16  10  3.53882717E+00
  26   9  17  10  4.78023642E+00
  26   9  18  10  6.20559159E+00
  26   9  19  10  7.84717243E+00
  26   9  20  10  9.76692716E+00
  26   9  21  10  1.20727401E+01
  26   9  22  10  1.49512378E+01
  26   9  23  10  1.87371674E+01
  26   9  24  10  2.40559873E+01
  26   9  25  10  3.17884170E+01
  26  10  26   9  2.46816791E-20
  27  10  26   9  2.09338664E+02
  28  10  26   9  1.89984549E+02
  29  10  26   9  1.66874569E+02
  30  10  26   9  1.46424003E+02
  27   9  11  10  8.55065673E-02
  27   9  12  10  3.22269975E-01
  27   9  13  10  7.32518655E-01
  27   9  14  10  1.30977161E+00
  27   9  15  10  2.03658466E+00
  27   9  16  10  2.89623737E+00
  27   9  17  10  3.87910348E+00
  27   9  18  10  4.98613487E+00
  27   9  19  10  6.23163985E+00
  27   9  20  10  7.64710794E+00
  27   9  21  10  9.28814805E+00
  27   9  22  10  1.12479458E+01
  27   9  23  10  1.36843488E+01
  27   9  24  10  1.68766385E+01
  27   9  25  10  2.13388613E+01
  27   9  26  10  2.77542803E+01
  27  10  27   9  2.57056617E-20
  28  10  27   9  1.68567274E+02
  29  10  27   9  1.53951313E+02
  30  10  27   9  1.36057502E+02
  28   9  11  10  7.28386066E-02
  28   9  12  10  2.73424918E-01
  28   9  13  10  6.18730710E-01
  28   9  14  10  1.10083766E+00
  28   9  15  10  1.70222777E+00
  28   9  16  10  2.40563717E+00
  28   9  17  10  3.19915581E+00
  28   9  18  10  4.07862755E+00
  28   9  19  10  5.04908078E+00
  28   9  20  10  6.12639264E+00
  28   9  21  10  7.34029172E+00
  28   9  22  10  8.74015010E+00
  28   9  23  10  1.04062747E+01
  28   9  24  10  1.24724548E+01
  28   9  25  10  1.51726864E+01
  28   9  26  10  1.89318330E+01
  28   9  27  10  2.42820383E+01
  28  10  28   9  2.28014579E-20
  29  10  28   9  1.36921682E+02
  30  10  28   9  1.25736813E+02
  29   9  11  10  6.26320527E-02
  29   9  12  10  2.34283950E-01
  29   9  13  10  5.28099722E-01
  29   9  14  10  9.35547655E-01
  29   9  15  10  1.43972391E+00
  29   9  16  10  2.02378468E+00
  29   9  17  10  2.67514649E+00
  29   9  18  10  3.38723636E+00
  29   9  19  10  4.16022965E+00
  29   9  20  10  5.00169705E+00
  29   9  21  10  5.92784244E+00
  29   9  22  10  6.96603017E+00
  29   9  23  10  8.15974653E+00
  29   9  24  10  9.57810467E+00
  29   9  25  10  1.13348323E+01
  29   9  26  10  1.36267608E+01
  29   9  27  10  1.68070032E+01
  29   9  28  10  2.12913561E+01
  29  10  29   9  1.64322776E-20
  30  10  29   9  1.12114199E+02
  30   9  11  10  5.43063875E-02
  30   9  12  10  2.02509338E-01
  30   9  13  10  4.54917005E-01
  30   9  14  10  8.02868593E-01
  30   9  15  10  1.23040280E+00
  30   9  16  10  1.72155662E+00
  30   9  17  10  2.26389728E+00
  30   9  18  10  2.84985658E+00
  30   9  19  10  3.47709605E+00
  30   9  20  10  4.14865838E+00
  30   9  21  10  4.87337752E+00
  30   9  22  10  5.66693270E+00
  30   9  23  10  6.55408030E+00
  30   9  24  10  7.57288079E+00
  30   9  25  10  8.78287388E+00
  30   9  26  10  1.02809336E+01
  30   9  27  10  1.22333923E+01
  30   9  28  10  1.49352551E+01
  30   9  29  10  1.87122690E+01
  30  10  30   9  1.59327999E-20
  12  11  11  10  4.69088691E+04
  13  11  11  10  1.04871051E+04
  14  11  11  10  3.79477471E+03
  15  11  11  10  1.76388121E+03
  16  11  11  10  9.57719290E+02
  17  11  11  10  5.78013715E+02
  18  11  11  10  3.76524624E+02
  19  11  11  10  2.59776143E+02
  20  11  11  10  1.87405209E+02
  21  11  11  10  1.40084687E+02
  22  11  11  10  1.07778817E+02
  23  11  11  10  8.49246542E+01
  24  11  11  10  6.82681345E+01
  25  11  11  10  5.58180072E+01
  26  11  11  10  4.63081750E+01
  27  11  11  10  3.89066361E+01
  28  11  11  10  3.30507735E+01
  29  11  11  10  2.83504528E+01
  30  11  11  10  2.45290802E+01
  12  10  12  11  5.91856565E-20
  13  11  12  10  2.64622775E+04
  14  11  12  10  1.00878918E+04
  15  11  12  10  4.75310029E+03
  16  11  12  10  2.59498079E+03
  17  11  12  10  1.57049645E+03
  18  11  12  10  1.02466875E+03
  19  11  12  10  7.07658501E+02
  20  11  12  10  5.10854532E+02
  21  11  12  10  3.82042074E+02
  22  11  12  10  2.94038277E+02
  23  11  12  10  2.31748743E+02
  24  11  12  10  1.86332769E+02
  25  11  12  10  1.52375387E+02
  26  11  12  10  1.26431119E+02
  27  11  12  10  1.06234524E+02
  28  11  12  10  9.02529713E+01
  29  11  12  10  7.74233017E+01
  30  11  12  10  6.69915358E+01
  13  10  12  11  3.08099857E+01
  13  10  13  11  9.58958881E-21
  14  11  13  10  1.57533525E+04
  15  11  13  10  7.81572368E+03
  16  11  13  10  4.32422358E+03
  17  11  13  10  2.63107059E+03
  18  11  13  10  1.72122487E+03
  19  11  13  10  1.19052257E+03
  20  11  13  10  8.60244723E+02
  21  11  13  10  6.43737694E+02
  22  11  13  10  4.95669439E+02
  23  11  13  10  3.90790409E+02
  24  11  13  10  3.14281802E+02
  25  11  13  10  2.57053976E+02
  26  11  13  10  2.13317217E+02
  27  11  13  10  1.79261708E+02
  28  11  13  10  1.52308430E+02
  29  11  13  10  1.30667493E+02
  30  11  13  10  1.13069038E+02
  14  10  12  11  8.71795949E+00
  14  10  13  11  5.53089881E+01
  14  11  14  10  4.69519441E-21
  15  11  14  10  9.80852912E+03
  16  11  14  10  5.71056789E+03
  17  11  14  10  3.52005683E+03
  18  11  14  10  2.31471373E+03
  19  11  14  10  1.60510847E+03
  20  11  14  10  1.16148191E+03
  21  11  14  10  8.69928564E+02
  22  11  14  10  6.70223039E+02
  23  11  14  10  5.28622347E+02
  24  11  14  10  4.25251719E+02
  25  11  14  10  3.47891607E+02
  26  11  14  10  2.88746079E+02
  27  11  14  10  2.42679208E+02
  28  11  14  10  2.06211282E+02
  29  11  14  10  1.76925737E+02
  30  11  14  10  1.53107233E+02
  15  10  12  11  3.40052743E+00
  15  10  13  11  1.88551731E+01
  15  10  14  11  6.86470324E+01
  15  11  15  10  2.09152862E-20
  16  11  15  10  6.34328119E+03
  17  11  15  10  4.11148020E+03
  18  11  15  10  2.73803614E+03
  19  11  15  10  1.90809876E+03
  20  11  15  10  1.38407371E+03
  21  11  15  10  1.03804108E+03
  22  11  15  10  8.00397161E+02
  23  11  15  10  6.31629134E+02
  24  11  15  10  5.08299567E+02
  25  11  15  10  4.15938223E+02
  26  11  15  10  3.45288615E+02
  27  11  15  10  2.90241625E+02
  28  11  15  10  2.46652934E+02
  29  11  15  10  2.11641767E+02
  30  11  15  10  1.83161862E+02
  16  10  12  11  1.62727389E+00
  16  10  13  11  8.27878878E+00
  16  10  14  11  2.67040551E+01
  16  10  15  11  7.32676387E+01
  16  11  16  10  2.30253463E-20
  17  11  16  10  4.23773262E+03
  18  11  16  10  2.96511312E+03
  19  11  16  10  2.09185928E+03
  20  11  16  10  1.52458400E+03
  21  11  16  10  1.14603121E+03
  22  11  16  10  8.84768438E+02
  23  11  16  10  6.98732177E+02
  24  11  16  10  5.62568468E+02
  25  11  16  10  4.60493126E+02
  26  11  16  10  3.82360519E+02
  27  11  16  10  3.21454615E+02
  28  11  16  10  2.73210343E+02
  29  11  16  10  2.34450112E+02
  30  11  16  10  2.02914617E+02
  17  10  12  11  8.93399572E-01
  17  10  13  11  4.29682234E+00
  17  10  14  11  1.28030207E+01
  17  10  15  11  3.14825130E+01
  17  10  16  11  7.23356886E+01
  17  11  17  10  1.03088149E-20
  18  11  17  10  2.91180910E+03
  19  11  17  10  2.15655194E+03
  20  11  17  10  1.59051451E+03
  21  11  17  10  1.20100616E+03
  22  11  17  10  9.29191320E+02
  23  11  17  10  7.34657206E+02
  24  11  17  10  5.91891286E+02
  25  11  17  10  4.84699384E+02
  26  11  17  10  4.02570521E+02
  27  11  17  10  3.38508625E+02
  28  11  17  10  2.87742384E+02
  29  11  17  10  2.46943480E+02
  30  11  17  10  2.13741980E+02
  18  10  12  11  5.40819505E-01
  18  10  13  11  2.50156402E+00
  18  10  14  11  7.07377894E+00
  18  10  15  11  1.61618023E+01
  18  10  16  11  3.36098941E+01
  18  10  17  11  6.82841335E+01
  18  11  18  10  2.99282517E-21
  19  11  18  10  2.05048484E+03
  20  11  18  10  1.58625542E+03
  21  11  18  10  1.21161659E+03
  22  11  18  10  9.41428460E+02
  23  11  18  10  7.45811492E+02
  24  11  18  10  6.01506003E+02
  25  11  18  10  4.92867646E+02
  26  11  18  10  4.09503555E+02
  27  11  18  10  3.44417761E+02
  28  11  18  10  2.92809461E+02
  29  11  18  10  2.51317429E+02
  30  11  18  10  2.17542734E+02
  19  10  12  11  3.51997058E-01
  19  10  13  11  1.58248521E+00
  19  10  14  11  4.31410888E+00
  19  10  15  11  9.38588040E+00
  19  10  16  11  1.82274111E+01
  19  10  17  11  3.38027938E+01
  19  10  18  11  6.27212679E+01
  19  11  19  10  6.09730854E-22
  20  11  19  10  1.47550653E+03
  21  11  19  10  1.18114856E+03
  22  11  19  10  9.27973598E+02
  23  11  19  10  7.38139219E+02
  24  11  19  10  5.96411475E+02
  25  11  19  10  4.89152934E+02
  26  11  19  10  4.06629290E+02
  27  11  19  10  3.42104768E+02
  28  11  19  10  2.90896820E+02
  29  11  19  10  2.49704297E+02
  30  11  19  10  2.16161682E+02
  20  10  12  11  2.42198640E-01
  20  10  13  11  1.06563118E+00
  20  10  14  11  2.82816298E+00
  20  10  15  11  5.94478775E+00
  20  10  16  11  1.10261851E+01
  20  10  17  11  1.91795110E+01
  20  10  18  11  3.27244453E+01
  20  10  19  11  5.66304860E+01
  20  11  20  10  6.20498555E-23
  21  11  20  10  1.08231932E+03
  22  11  20  10  8.90417328E+02
  23  11  20  10  7.15863695E+02
  24  11  20  10  5.80627585E+02
  25  11  20  10  4.77010196E+02
  26  11  20  10  3.96866502E+02
  27  11  20  10  3.34039775E+02
  28  11  20  10  2.84109155E+02
  29  11  20  10  2.43911687E+02
  30  11  20  10  2.11163480E+02
  21  10  12  11  1.74107582E-01
  21  10  13  11  7.53253280E-01
  21  10  14  11  1.95869414E+00
  21  10  15  11  4.01401359E+00
  21  10  16  11  7.20691039E+00
  21  10  17  11  1.20044486E+01
  21  10  18  11  1.92859174E+01
  21  10  19  11  3.08879769E+01
  21  10  20  11  5.05771166E+01
  21  11  21  10  2.19696015E-26
  22  11  21  10  8.07618151E+02
  23  11  21  10  6.79347217E+02
  24  11  21  10  5.56698705E+02
  25  11  21  10  4.58996388E+02
  26  11  21  10  3.82465439E+02
  27  11  21  10  3.22153845E+02
  28  11  21  10  2.74100822E+02
  29  11  21  10  2.35363728E+02
  30  11  21  10  2.03782143E+02
  22  10  12  11  1.29646159E-01
  22  10  13  11  5.53396965E-01
  22  10  14  11  1.41614724E+00
  22  10  15  11  2.84641402E+00
  22  10  16  11  4.98906233E+00
  22  10  17  11  8.05817984E+00
  22  10  18  11  1.24259142E+01
  22  10  19  11  1.88028300E+01
  22  10  20  11  2.86566522E+01
  22  10  21  11  4.48631373E+01
  22  10  22  11  1.03890622E-25
  23  11  22  10  6.11975886E+02
  24  11  22  10  5.24277956E+02
  25  11  22  10  4.36557674E+02
  26  11  22  10  3.64992863E+02
  27  11  22  10  3.07862742E+02
  28  11  22  10  2.62105711E+02
  29  11  22  10  2.25129579E+02
  30  11  22  10  1.94946624E+02
  23  10  12  11  9.93640049E-02
  23  10  13  11  4.19507866E-01
  23  10  14  11  1.05982060E+00
  23  10  15  11  2.09796177E+00
  23  10  16  11  3.60997071E+00
  23  10  17  11  5.69883322E+00
  23  10  18  11  8.53428921E+00
  23  10  19  11  1.24210228E+01
  23  10  20  11  1.79399636E+01
  23  10  21  11  2.62730721E+01
  23  10  22  11  3.96309856E+01
  23  10  23  11  1.31528637E-24
  24  11  23  10  4.70208332E+02
  25  11  23  10  4.09004767E+02
  26  11  23  10  3.45219636E+02
  27  11  23  10  2.92099299E+02
  28  11  23  10  2.48993492E+02
  29  11  23  10  2.13979407E+02
  30  11  23  10  1.85331519E+02
  24  10  12  11  7.80037820E-02
  24  10  13  11  3.26345697E-01
  24  10  14  11  8.15844575E-01
  24  10  15  11  1.59529670E+00
  24  10  16  11  2.70535762E+00
  24  10  17  11  4.19626220E+00
  24  10  18  11  6.14853089E+00
  24  10  19  11  8.70258850E+00
  24  10  20  11  1.21119590E+01
  24  10  21  11  1.68554558E+01
  24  10  22  11  2.38913659E+01
  24  10  23  11  3.49297652E+01
  24  11  24  10  6.69173717E-26
  25  11  24  10  3.65858805E+02
  26  11  24  10  3.22335318E+02
  27  11  24  10  2.75235720E+02
  28  11  24  10  2.35303758E+02
  29  11  24  10  2.02436345E+02
  30  11  24  10  1.75408250E+02
  25  10  12  11  6.24854359E-02
  25  10  13  11  2.59432568E-01
  25  10  14  11  6.42929139E-01
  25  10  15  11  1.24458766E+00
  25  10  16  11  2.08596247E+00
  25  10  17  11  3.19078480E+00
  25  10  18  11  4.59725215E+00
  25  10  19  11  6.37266950E+00
  25  10  20  11  8.63598874E+00
  25  10  21  11  1.16001726E+01
  25  10  22  11  1.56622985E+01
  25  10  23  11  2.16041280E+01
  25  10  24  11  3.07562299E+01
  25  11  25  10  1.79370850E-23
  26  11  25  10  2.87949997E+02
  27  11  25  10  2.56460708E+02
  28  11  25  10  2.21181517E+02
  29  11  25  10  1.90801490E+02
  30  11  25  10  1.65484625E+02
  26  10  12  11  5.09238686E-02
  26  10  13  11  2.10062670E-01
  26  10  14  11  5.16767684E-01
  26  10  15  11  9.92011023E-01
  26  10  16  11  1.64665806E+00
  26  10  17  11  2.49059547E+00
  26  10  18  11  3.54086587E+00
  26  10  19  11  4.82981639E+00
  26  10  20  11  6.41573749E+00
  26  10  21  11  8.40058398E+00
  26  10  22  11  1.09642858E+01
  26  10  23  11  1.44378144E+01
  26  10  24  11  1.94626429E+01
  26  10  25  11  2.70796269E+01
  26  10  26  11  3.87987949E-25
  27  11  26  10  2.29021168E+02
  28  11  26  10  2.05873559E+02
  29  11  26  10  1.79095181E+02
  30  11  26  10  1.55719241E+02
  27  10  12  11  4.21213764E-02
  27  10  13  11  1.72786975E-01
  27  10  14  11  4.22414227E-01
  27  10  15  11  8.05168121E-01
  27  10  16  11  1.32578296E+00
  27  10  17  11  1.98674794E+00
  27  10  18  11  2.79416472E+00
  27  10  19  11  3.76278560E+00
  27  10  20  11  4.92155511E+00
  27  10  21  11  6.32171865E+00
  27  10  22  11  8.05113243E+00
  27  10  23  11  1.02624121E+01
  27  10  24  11  1.32327193E+01
  27  10  25  11  1.74912759E+01
  27  10  26  11  2.38564090E+01
  27  11  27  10  9.14946217E-24
  28  11  27  10  1.83914240E+02
  29  11  27  10  1.66646565E+02
  30  11  27  10  1.46068368E+02
  28  10  12  11  3.52919977E-02
  28  10  13  11  1.44075403E-01
  28  10  14  11  3.50330877E-01
  28  10  15  11  6.63748202E-01
  28  10  16  11  1.08549635E+00
  28  10  17  11  1.61409222E+00
  28  10  18  11  2.24988684E+00
  28  10  19  11  2.99846946E+00
  28  10  20  11  3.87382784E+00
  28  10  21  11  4.90235432E+00
  28  10  22  11  6.12929077E+00
  28  10  23  11  7.63052633E+00
  28  10  24  11  9.53592083E+00
  28  10  25  11  1.20785762E+01
  28  10  26  11  1.56974147E+01
  28  10  27  11  2.10387442E+01
  28  11  28  10  2.35600887E-24
  29  11  28  10  1.49006808E+02
  30  11  28  10  1.35948641E+02
  29  10  12  11  2.99051995E-02
  29  10  13  11  1.21571568E-01
  29  10  14  11  2.94232708E-01
  29  10  15  11  5.54568140E-01
  29  10  16  11  9.01670513E-01
  29  10  17  11  1.33196330E+00
  29  10  18  11  1.84279085E+00
  29  10  19  11  2.43488790E+00
  29  10  20  11  3.11433646E+00
  29  10  21  11  3.89467986E+00
  29  10  22  11  4.80000516E+00
  29  10  23  11  5.87025178E+00
  29  10  24  11  7.17103239E+00
  29  10  25  11  8.81321017E+00
  29  10  26  11  1.09935793E+01
  29  10  27  11  1.40780834E+01
  29  10  28  11  1.85792545E+01
  29  11  29  10  2.11081684E-25
  30  11  29  10  1.21718020E+02
  30  10  12  11  2.55938642E-02
  30  10  13  11  1.03660770E-01
  30  10  14  11  2.49861062E-01
  30  10  15  11  4.68810096E-01
  30  10  16  11  7.58409110E-01
  30  10  17  11  1.11404232E+00
  30  10  18  11  1.53154076E+00
  30  10  19  11  2.00907413E+00
  30  10  20  11  2.54845415E+00
  30  10  21  11  3.15631536E+00
  30  10  22  11  3.84565566E+00
  30  10  23  11  4.63834997E+00
  30  10  24  11  5.56957413E+00
  30  10  25  11  6.69615397E+00
  30  10  26  11  8.11295224E+00
  30  10  27  11  9.98681968E+00
  30  10  28  11  1.26243520E+01
  30  10  29  11  1.64334854E+01
  30  11  30  10  2.05383395E-23
  13  12  12  11  3.12235633E+04
  14  12  12  11  6.63684499E+03
  15  12  12  11  2.30453320E+03
  16  12  12  11  1.03529605E+03
  17  12  12  11  5.46355427E+02
  18  12  12  11  3.21932239E+02
  19  12  12  11  2.05484795E+02
  20  12  12  11  1.39323959E+02
  21  12  12  11  9.90152073E+01
  22  12  12  11  7.30598748E+01
  23  12  12  11  5.55803124E+01
  24  12  12  11  4.33647325E+01
  25  12  12  11  3.45587879E+01
  26  12  12  11  2.80412792E+01
  27  12  12  11  2.31071377E+01
  28  12  12  11  1.92977399E+01
  29  12  12  11  1.63058629E+01
  30  12  12  11  1.39203309E+01
  13  12  13  11  2.35072866E-21
  14  12  13  11  1.83942288E+04
  15  12  13  11  6.72889697E+03
  16  12  13  11  3.06420005E+03
  17  12  13  11  1.62597815E+03
  18  12  13  11  9.60739423E+02
  19  12  13  11  6.14201782E+02
  20  12  13  11  4.16860372E+02
  21  12  13  11  2.96453792E+02
  22  12  13  11  2.18845809E+02
  23  12  13  11  1.66544220E+02
  24  12  13  11  1.29974395E+02
  25  12  13  11  1.03601658E+02
  26  12  13  11  8.40765409E+01
  27  12  13  11  6.92912745E+01
  28  12  13  11  5.78740836E+01
  29  12  13  11  4.89056452E+01
  30  12  13  11  4.17538229E+01
  14  11  13  12  1.78369366E+01
  14  11  14  12  2.88608824E-21
  15  12  14  11  1.13492984E+04
  16  12  14  11  5.44241183E+03
  17  12  14  11  2.92674460E+03
  18  12  14  11  1.73862227E+03
  19  12  14  11  1.11448503E+03
  20  12  14  11  7.57559695E+02
  21  12  14  11  5.39257772E+02
  22  12  14  11  3.98338484E+02
  23  12  14  11  3.03274113E+02
  24  12  14  11  2.36756952E+02
  25  12  14  11  1.88762550E+02
  26  12  14  11  1.53215968E+02
  27  12  14  11  1.26290478E+02
  28  12  14  11  1.05493685E+02
  29  12  14  11  8.91542782E+01
  30  12  14  11  7.61225117E+01
  15  11  13  12  4.80870421E+00
  15  11  14  12  3.32211423E+01
  15  11  15  12  1.02736019E-20
  16  12  15  11  7.28150430E+03
  17  12  15  11  4.12113757E+03
  18  12  15  11  2.48036350E+03
  19  12  15  11  1.59825180E+03
  20  12  15  11  1.08919764E+03
  21  12  15  11  7.76458111E+02
  22  12  15  11  5.74068808E+02
  23  12  15  11  4.37324648E+02
  24  12  15  11  3.41545939E+02
  25  12  15  11  2.72389327E+02
  26  12  15  11  2.21142989E+02
  27  12  15  11  1.82310648E+02
  28  12  15  11  1.52308507E+02
  29  12  15  11  1.28731407E+02
  30  12  15  11  1.09923718E+02
  16  11  13  12  1.80188206E+00
  16  11  14  12  1.08437936E+01
  16  11  15  12  4.25724382E+01
  16  11  16  12  3.00236426E-21
  17  12  16  11  4.83036324E+03
  18  12  16  11  3.05771107E+03
  19  12  16  11  1.99558413E+03
  20  12  16  11  1.36683255E+03
  21  12  16  11  9.76777870E+02
  22  12  16  11  7.23167598E+02
  23  12  16  11  5.51370719E+02
  24  12  16  11  4.30850387E+02
  25  12  16  11  3.43739977E+02
  26  12  16  11  2.79144311E+02
  27  12  16  11  2.30172008E+02
  28  12  16  11  1.92321815E+02
  29  12  16  11  1.62569136E+02
  30  12  16  11  1.38830077E+02
  17  11  13  12  8.33743235E-01
  17  11  14  12  4.59455125E+00
  17  11  15  12  1.59195081E+01
  17  11  16  12  4.67311577E+01
  17  11  17  12  8.92444447E-23
  18  12  17  11  3.29820444E+03
  19  12  17  11  2.26235426E+03
  20  12  17  11  1.56893271E+03
  21  12  17  11  1.12664065E+03
  22  12  17  11  8.36073187E+02
  23  12  17  11  6.38277078E+02
  24  12  17  11  4.99148434E+02
  25  12  17  11  3.98428414E+02
  26  12  17  11  3.23664815E+02
  27  12  17  11  2.66945059E+02
  28  12  17  11  2.23085918E+02
  29  12  17  11  1.88597858E+02
  30  12  17  11  1.61073438E+02
  18  11  13  12  4.44904000E-01
  18  11  14  12  2.31463931E+00
  18  11  15  12  7.39168678E+00
  18  11  16  12  1.93646595E+01
  18  11  17  12  4.72973830E+01
  18  12  18  11  1.09564179E-22
  19  12  18  11  2.30949055E+03
  20  12  18  11  1.68207344E+03
  21  12  18  11  1.22256435E+03
  22  12  18  11  9.11472913E+02
  23  12  18  11  6.97378167E+02
  24  12  18  11  5.46022087E+02
  25  12  18  11  4.36154294E+02
  26  12  18  11  3.54471122E+02
  27  12  18  11  2.92440053E+02
  28  12  18  11  2.44442244E+02
  29  12  18  11  2.06682642E+02
  30  12  18  11  1.76537507E+02
  19  11  13  12  2.62873705E-01
  19  11  14  12  1.31398186E+00
  19  11  15  12  3.97623994E+00
  19  11  16  12  9.65530850E+00
  19  11  17  12  2.12503203E+01
  19  11  18  12  4.56488797E+01
  19  12  19  11  2.26274785E-21
  20  12  19  11  1.65340941E+03
  21  12  19  11  1.26112878E+03
  22  12  19  11  9.51305149E+02
  23  12  19  11  7.31084212E+02
  24  12  19  11  5.73602438E+02
  25  12  19  11  4.58693151E+02
  26  12  19  11  3.73029403E+02
  27  12  19  11  3.07873540E+02
  28  12  19  11  2.57409146E+02
  29  12  19  11  2.17684190E+02
  30  12  19  11  1.85956593E+02
  20  11  13  12  1.67571307E-01
  20  11  14  12  8.13484400E-01
  20  11  15  12  2.37068994E+00
  20  11  16  12  5.47294734E+00
  20  11  17  12  1.12200650E+01
  20  11  18  12  2.19011771E+01
  20  11  19  12  4.27729821E+01
  20  12  20  11  5.57890427E-21
  21  12  20  11  1.20718941E+03
  22  12  20  11  9.54887127E+02
  23  12  20  11  7.42212606E+02
  24  12  20  11  5.84794284E+02
  25  12  20  11  4.68551240E+02
  26  12  20  11  3.81433078E+02
  27  12  20  11  3.14990829E+02
  28  12  20  11  2.63451183E+02
  29  12  20  11  2.22842236E+02
  30  12  20  11  1.90389556E+02
  21  11  13  12  1.13247487E-01
  21  11  14  12  5.37706300E-01
  21  11  15  12  1.52426348E+00
  21  11  16  12  3.39594263E+00
  21  11  17  12  6.63828685E+00
  21  11  18  12  1.21225094E+01
  21  11  19  12  2.16712752E+01
  21  11  20  12  3.93200065E+01
  21  12  21  11  9.52499884E-21
  22  12  21  11  8.96975526E+02
  23  12  21  11  7.30529228E+02
  24  12  21  11  5.81943548E+02
  25  12  21  11  4.68137693E+02
  26  12  21  11  3.81784257E+02
  27  12  21  11  3.15570734E+02
  28  12  21  11  2.64069980E+02
  29  12  21  11  2.23431331E+02
  30  12  21  11  1.90926465E+02
  22  11  13  12  8.01483285E-02
  22  11  14  12  3.74006235E-01
  22  11  15  12  1.03810177E+00
  22  11  16  12  2.25293008E+00
  22  11  17  12  4.25809638E+00
  22  11  18  12  7.43365623E+00
  22  11  19  12  1.24804546E+01
  22  11  20  12  2.08619047E+01
  22  11  21  12  3.56950379E+01
  22  12  22  11  1.40464369E-20
  23  12  22  11  6.77040550E+02
  24  12  22  11  5.64685296E+02
  25  12  22  11  4.59100870E+02
  26  12  22  11  3.75836490E+02
  27  12  22  11  3.11172434E+02
  28  12  22  11  2.60604017E+02
  29  12  22  11  2.20595106E+02
  30  12  22  11  1.88548269E+02
  23  11  13  12  5.88727904E-02
  23  11  14  12  2.70936553E-01
  23  11  15  12  7.39682442E-01
  23  11  16  12  1.57339531E+00
  23  11  17  12  2.90050633E+00
  23  11  18  12  4.90420201E+00
  23  11  19  12  7.88960515E+00
  23  11  20  12  1.24279880E+01
  23  11  21  12  1.97031642E+01
  23  11  22  12  3.21374923E+01
  23  12  23  11  1.45990016E-20
  24  12  23  11  5.18333444E+02
  25  12  23  11  4.40892340E+02
  26  12  23  11  3.64648387E+02
  27  12  23  11  3.02991992E+02
  28  12  23  11  2.54141299E+02
  29  12  23  11  2.15281322E+02
  30  12  23  11  1.84073986E+02
  24  11  13  12  4.45848109E-02
  24  11  14  12  2.02868971E-01
  24  11  15  12  5.46541263E-01
  24  11  16  12  1.14433795E+00
  24  11  17  12  2.06955286E+00
  24  11  18  12  3.41702140E+00
  24  11  19  12  5.33218177E+00
  24  11  20  12  8.06517079E+00
  24  11  21  12  1.20864354E+01
  24  11  22  12  1.83600200E+01
  24  11  23  12  2.87795071E+01
  24  12  24  11  1.47373296E-20
  25  12  24  11  4.01964809E+02
  26  12  24  11  3.47561292E+02
  27  12  24  11  2.91664537E+02
  28  12  24  11  2.45466128E+02
  29  12  24  11  2.08222599E+02
  30  12  24  11  1.78151419E+02
  25  11  13  12  3.46331708E-02
  25  11  14  12  1.56111626E-01
  25  11  15  12  4.16023623E-01
  25  11  16  12  8.60046979E-01
  25  11  17  12  1.53207663E+00
  25  11  18  12  2.48373365E+00
  25  11  19  12  3.78879082E+00
  25  11  20  12  5.56644957E+00
  25  11  21  12  8.02489859E+00
  25  11  22  12  1.15546125E+01
  25  11  23  12  1.69454272E+01
  25  11  24  12  2.56858595E+01
  25  12  25  11  1.59897455E-20
  26  12  25  11  3.15392291E+02
  27  12  25  11  2.76498306E+02
  28  12  25  11  2.34932653E+02
  29  12  25  11  1.99919056E+02
  30  12  25  11  1.71262578E+02
  26  11  13  12  2.74853129E-02
  26  11  14  12  1.22915698E-01
  26  11  15  12  3.24608559E-01
  26  11  16  12  6.64090457E-01
  26  11  17  12  1.16864985E+00
  26  11  18  12  1.86732100E+00
  26  11  19  12  2.79900406E+00
  26  11  20  12  4.02382909E+00
  26  11  21  12  5.64172823E+00
  26  11  22  12  7.82779461E+00
  26  11  23  12  1.09081520E+01
  26  11  24  12  1.55335505E+01
  26  11  25  12  2.28802747E+01
  26  12  26  11  8.67866652E-21
  27  12  26  11  2.50127671E+02
  28  12  26  11  2.21869450E+02
  29  12  26  11  1.90546995E+02
  30  12  26  11  1.63718349E+02
  27  11  13  12  2.22147346E-02
  27  11  14  12  9.86787962E-02
  27  11  15  12  2.58620633E-01
  27  11  16  12  5.24502742E-01
  27  11  17  12  9.13784012E-01
  27  11  18  12  1.44306797E+00
  27  11  19  12  2.13320843E+00
  27  11  20  12  3.01554242E+00
  27  11  21  12  4.14075190E+00
  27  11  22  12  5.59384571E+00
  27  11  23  12  7.52314775E+00
  27  11  24  12  1.02024826E+01
  27  11  25  12  1.41708016E+01
  27  11  26  12  2.03623349E+01
  27  12  27  11  1.18025096E-20
  28  12  27  11  2.00325666E+02
  29  12  27  11  1.79485921E+02
  30  12  27  11  1.55587160E+02
  28  11  13  12  1.82394284E-02
  28  11  14  12  8.05528319E-02
  28  11  15  12  2.09746505E-01
  28  11  16  12  4.22263583E-01
  28  11  17  12  7.29517124E-01
  28  11  18  12  1.14098889E+00
  28  11  19  12  1.66774851E+00
  28  11  20  12  2.32625146E+00
  28  11  21  12  3.14302729E+00
  28  11  22  12  4.16169256E+00
  28  11  23  12  5.45522016E+00
  28  11  24  12  7.14991629E+00
  28  11  25  12  9.47676842E+00
  28  11  26  12  1.28843580E+01
  28  11  27  12  1.81181596E+01
  28  12  28  11  7.51689909E-21
  29  12  28  11  1.61896396E+02
  30  12  28  11  1.46313008E+02
  29  11  13  12  1.51814510E-02
  29  11  14  12  6.67119724E-02
  29  11  15  12  1.72736595E-01
  29  11  16  12  3.45575398E-01
  29  11  17  12  5.92802851E-01
  29  11  18  12  9.19692816E-01
  29  11  19  12  1.33182488E+00
  29  11  20  12  1.83761908E+00
  29  11  21  12  2.45106383E+00
  29  11  22  12  3.19530608E+00
  29  11  23  12  4.10833229E+00
  29  11  24  12  5.25311757E+00
  29  11  25  12  6.73770361E+00
  29  11  26  12  8.75770998E+00
  29  11  27  12  1.16883499E+01
  29  11  28  12  1.61270526E+01
  29  12  29  11  6.68173858E-21
  30  12  29  11  1.31935993E+02
  30  11  13  12  1.27881600E-02
  30  11  14  12  5.59492664E-02
  30  11  15  12  1.44165407E-01
  30  11  16  12  2.86855854E-01
  30  11  17  12  4.89092676E-01
  30  11  18  12  7.53606434E-01
  30  11  19  12  1.08282292E+00
  30  11  20  12  1.48068581E+00
  30  11  21  12  1.95438676E+00
  30  11  22  12  2.51636130E+00
  30  11  23  12  3.18712870E+00
  30  11  24  12  3.99996213E+00
  30  11  25  12  5.00943414E+00
  30  11  26  12  6.30825730E+00
  30  11  27  12  8.06278032E+00
  30  11  28  12  1.05883032E+01
  30  11  29  12  1.43655333E+01
  30  12  30  11  7.91281482E-21
  14  13  13  12  2.14304957E+04
  15  13  13  12  4.33907032E+03
  16  13  13  12  1.44709198E+03
  17  13  13  12  6.28477296E+02
  18  13  13  12  3.22312535E+02
  19  13  13  12  1.85342620E+02
  20  13  13  12  1.15850217E+02
  21  13  13  12  7.71409359E+01
  22  13  13  12  5.39673672E+01
  23  13  13  12  3.92772349E+01
  24  13  13  12  2.95218817E+01
  25  13  13  12  2.27897740E+01
  26  13  13  12  1.79916792E+01
  27  13  13  12  1.44769199E+01
  28  13  13  12  1.18408584E+01
  29  13  13  12  9.82299273E+00
  30  13  13  12  8.25048513E+00
  14  13  14  12  1.59864504E-20
  15  13  14  12  1.31039999E+04
  16  13  14  12  4.60408123E+03
  17  13  14  12  2.02687472E+03
  18  13  14  12  1.04520229E+03
  19  13  14  12  6.02697272E+02
  20  13  14  12  3.77320326E+02
  21  13  14  12  2.51495928E+02
  22  13  14  12  1.76062537E+02
  23  13  14  12  1.28197712E+02
  24  13  14  12  9.63900442E+01
  25  13  14  12  7.44286735E+01
  26  13  14  12  5.87703983E+01
  27  13  14  12  4.72967792E+01
  28  13  14  12  3.86895477E+01
  29  13  14  12  3.20995750E+01
  30  13  14  12  2.69632485E+01
  15  12  14  13  1.07449084E+01
  15  13  15  12  1.46343804E-20
  16  13  15  12  8.34116289E+03
  17  13  15  12  3.86708289E+03
  18  13  15  12  2.02098990E+03
  19  13  15  12  1.17165299E+03
  20  13  15  12  7.35491405E+02
  21  13  15  12  4.90980414E+02
  22  13  15  12  3.44044980E+02
  23  13  15  12  2.50671260E+02
  24  13  15  12  1.88559843E+02
  25  13  15  12  1.45645552E+02
  26  13  15  12  1.15032448E+02
  27  13  15  12  9.25920740E+01
  28  13  15  12  7.57528746E+01
  29  13  15  12  6.28572404E+01
  30  13  15  12  5.28043051E+01
  16  12  14  13  2.76483155E+00
  16  12  15  13  2.06606067E+01
  16  13  16  12  1.23181662E-21
  17  13  16  12  5.49481468E+03
  18  13  16  12  3.02266534E+03
  19  13  16  12  1.77553237E+03
  20  13  16  12  1.12042554E+03
  21  13  16  12  7.49890821E+02
  22  13  16  12  5.26244409E+02
  23  13  16  12  3.83770565E+02
  24  13  16  12  2.88852974E+02
  25  13  16  12  2.23205762E+02
  26  13  16  12  1.76343146E+02
  27  13  16  12  1.41973955E+02
  28  13  16  12  1.16173667E+02
  29  13  16  12  9.64098351E+01
  30  13  16  12  8.09992461E+01
  17  12  14  13  9.96206097E-01
  17  12  15  13  6.46603466E+00
  17  12  16  13  2.72266856E+01
  17  13  17  12  3.55176687E-23
  18  13  17  12  3.72861416E+03
  19  13  17  12  2.30404111E+03
  20  13  17  12  1.47275206E+03
  21  13  17  12  9.90723333E+02
  22  13  17  12  6.96989856E+02
  23  13  17  12  5.09000901E+02
  24  13  17  12  3.83438969E+02
  25  13  17  12  2.96461498E+02
  26  13  17  12  2.34308823E+02
  27  13  17  12  1.88693968E+02
  28  13  17  12  1.54434684E+02
  29  13  17  12  1.28181345E+02
  30  13  17  12  1.07704953E+02
  18  12  14  13  4.45881922E-01
  18  12  15  13  2.64549544E+00
  18  12  16  13  9.79755454E+00
  18  12  17  13  3.06344746E+01
  18  12  18  13  1.69279049E-23
  19  13  18  12  2.59632084E+03
  20  13  18  12  1.74471842E+03
  21  13  18  12  1.18851163E+03
  22  13  18  12  8.40255090E+02
  23  13  18  12  6.15092413E+02
  24  13  18  12  4.63973470E+02
  25  13  18  12  3.59015945E+02
  26  13  18  12  2.83896052E+02
  27  13  18  12  2.28708131E+02
  28  13  18  12  1.87230341E+02
  29  13  18  12  1.55429915E+02
  30  13  18  12  1.30618278E+02
  19  12  14  13  2.31265934E-01
  19  12  15  13  1.29386683E+00
  19  12  16  13  4.40764296E+00
  19  12  17  13  1.22532407E+01
  19  12  18  13  3.16967443E+01
  19  12  19  13  9.22886199E-23
  20  13  19  12  1.84938998E+03
  21  13  19  12  1.32355266E+03
  22  13  19  12  9.47254958E+02
  23  13  19  12  6.96708872E+02
  24  13  19  12  5.26733611E+02
  25  13  19  12  4.08086300E+02
  26  13  19  12  3.22939287E+02
  27  13  19  12  2.60285046E+02
  28  13  19  12  2.13148216E+02
  29  13  19  12  1.76984745E+02
  30  13  19  12  1.48755735E+02
  20  12  14  13  1.33341332E-01
  20  12  15  13  7.16126831E-01
  20  12  16  13  2.30862348E+00
  20  12  17  13  5.93585395E+00
  20  12  18  13  1.37811593E+01
  20  12  19  13  3.12033900E+01
  20  12  20  13  3.21791234E-22
  21  13  20  12  1.34409314E+03
  22  13  20  12  1.00991950E+03
  23  13  20  12  7.51703568E+02
  24  13  20  12  5.70900059E+02
  25  13  20  12  4.43257221E+02
  26  13  20  12  3.51179418E+02
  27  13  20  12  2.83239874E+02
  28  13  20  12  2.32045448E+02
  29  13  20  12  1.92730065E+02
  30  13  20  12  1.62020741E+02
  21  12  14  13  8.32160831E-02
  21  12  15  13  4.33758581E-01
  21  12  16  13  1.34535876E+00
  21  12  17  13  3.28399680E+00
  21  12  18  13  7.08582585E+00
  21  12  19  13  1.45186201E+01
  21  12  20  13  2.97647510E+01
  21  12  21  13  2.24079517E-22
  22  13  21  12  9.94518700E+02
  23  13  21  12  7.76598346E+02
  24  13  21  12  5.96677517E+02
  25  13  21  12  4.65292182E+02
  26  13  21  12  3.69385835E+02
  27  13  21  12  2.98244864E+02
  28  13  21  12  2.44490332E+02
  29  13  21  12  2.03143925E+02
  30  13  21  12  1.70817071E+02
  22  12  14  13  5.52088178E-02
  22  12  15  13  2.81308346E-01
  22  12  16  13  8.48097891E-01
  22  12  17  13  1.99582907E+00
  22  12  18  13  4.10002345E+00
  22  12  19  13  7.84093720E+00
  22  12  20  13  1.46527645E+01
  22  12  21  13  2.78094466E+01
  22  12  22  13  1.67053616E-22
  23  13  22  12  7.47782936E+02
  24  13  22  12  6.02327620E+02
  25  13  22  12  4.75008536E+02
  26  13  22  12  3.78670685E+02
  27  13  22  12  3.06324213E+02
  28  13  22  12  2.51362124E+02
  29  13  22  12  2.08970327E+02
  30  13  22  12  1.75774954E+02
  23  12  14  13  3.84450323E-02
  23  12  15  13  1.92437550E-01
  23  12  16  13  5.67739812E-01
  23  12  17  13  1.30047344E+00
  23  12  18  13  2.58034607E+00
  23  12  19  13  4.71028517E+00
  23  12  20  13  8.24713820E+00
  23  12  21  13  1.43598296E+01
  23  12  22  13  2.56220509E+01
  23  12  23  13  1.82689421E-22
  24  13  23  12  5.70466422E+02
  25  13  23  12  4.71307402E+02
  26  13  23  12  3.79839040E+02
  27  13  23  12  3.08489250E+02
  28  13  23  12  2.53589198E+02
  29  13  23  12  2.11012119E+02
  30  13  23  12  1.77580252E+02
  24  12  14  13  2.78398693E-02
  24  12  15  13  1.37379993E-01
  24  12  16  13  3.98470370E-01
  24  12  17  13  8.94070111E-01
  24  12  18  13  1.72890842E+00
  24  12  19  13  3.05337071E+00
  24  12  20  13  5.11473651E+00
  24  12  21  13  8.37252746E+00
  24  12  22  13  1.37844635E+01
  24  12  23  13  2.33833097E+01
  24  12  24  13  1.50893096E-22
  25  13  24  12  4.40945351E+02
  26  13  24  12  3.72032095E+02
  27  13  24  12  3.05357877E+02
  28  13  24  12  2.51962327E+02
  29  13  24  12  2.10005010E+02
  30  13  24  12  1.76876785E+02
  25  12  14  13  2.08191311E-02
  25  12  15  13  1.01544418E-01
  25  12  16  13  2.90528414E-01
  25  12  17  13  6.41344428E-01
  25  12  18  13  1.21593097E+00
  25  12  19  13  2.09527789E+00
  25  12  20  13  3.40079897E+00
  25  12  21  13  5.33708227E+00
  25  12  22  13  8.28622175E+00
  25  12  23  13  1.30370081E+01
  25  12  24  13  2.12027441E+01
  25  12  25  13  1.15149425E-23
  26  13  25  12  3.44926388E+02
  27  13  25  12  2.96179387E+02
  28  13  25  12  2.46901923E+02
  29  13  25  12  2.06523672E+02
  30  13  25  12  1.74210216E+02
  26  12  14  13  1.59920733E-02
  26  12  15  13  7.72488997E-02
  26  12  16  13  2.18552833E-01
  26  12  17  13  4.76163994E-01
  26  12  18  13  8.88778192E-01
  26  12  19  13  1.50281407E+00
  26  12  20  13  2.38247221E+00
  26  12  21  13  3.62780251E+00
  26  12  22  13  5.41005964E+00
  26  12  23  13  8.04904104E+00
  26  12  24  13  1.21976995E+01
  26  12  25  13  1.91425602E+01
  26  12  26  13  2.83612616E-23
  27  13  26  12  2.72776698E+02
  28  13  26  12  2.37728651E+02
  29  13  26  12  2.00829228E+02
  30  13  26  12  1.69980322E+02
  27  12  14  13  1.25654703E-02
  27  12  15  13  6.02038806E-02
  27  12  16  13  1.68746478E-01
  27  12  17  13  3.63705417E-01
  27  12  18  13  6.70357497E-01
  27  12  19  13  1.11662618E+00
  27  12  20  13  1.73837208E+00
  27  12  21  13  2.58797957E+00
  27  12  22  13  3.74935011E+00
  27  12  23  13  5.36716143E+00
  27  12  24  13  7.71058196E+00
  27  12  25  13  1.13227135E+01
  27  12  26  13  1.72343140E+01
  27  13  27  12  3.04476945E-24
  28  13  27  12  2.17888491E+02
  29  13  27  12  1.92307254E+02
  30  13  27  12  1.64333708E+02
  28  12  14  13  1.00656674E-02
  28  12  15  13  4.78928834E-02
  28  12  16  13  1.33186474E-01
  28  12  17  13  2.84489012E-01
  28  12  18  13  5.18931737E-01
  28  12  19  13  8.53961967E-01
  28  12  20  13  1.31042832E+00
  28  12  21  13  1.91712464E+00
  28  12  22  13  2.71788811E+00
  28  12  23  13  3.78402420E+00
  28  12  24  13  5.23861892E+00
  28  12  25  13  7.30934950E+00
  28  12  26  13  1.04500173E+01
  28  12  27  13  1.54901938E+01
  28  12  28  13  1.44250249E-26
  29  13  28  12  1.75655114E+02
  30  13  28  12  1.56720605E+02
  29  12  14  13  8.19849806E-03
  29  12  15  13  3.87762902E-02
  29  12  16  13  1.07111261E-01
  29  12  17  13  2.27056846E-01
  29  12  18  13  4.10588435E-01
  29  12  19  13  6.68936909E-01
  29  12  20  13  1.01456489E+00
  29  12  21  13  1.46382226E+00
  29  12  22  13  2.04066119E+00
  29  12  23  13  2.78247846E+00
  29  12  24  13  3.75044358E+00
  29  12  25  13  5.04988144E+00
  29  12  26  13  6.87416779E+00
  29  12  27  13  9.60422439E+00
  29  12  28  13  1.39105436E+01
  29  13  29  12  1.36283923E-23
  30  13  29  12  1.42816842E+02
  30  12  14  13  6.77494779E-03
  30  12  15  13  3.18774796E-02
  30  12  16  13  8.75458036E-02
  30  12  17  13  1.84377417E-01
  30  12  18  13  3.30966498E-01
  30  12  19  13  5.34710864E-01
  30  12  20  13  8.03185140E-01
  30  12  21  13  1.14583881E+00
  30  12  22  13  1.57612997E+00
  30  12  23  13  2.11453344E+00
  30  12  24  13  2.79336989E+00
  30  12  25  13  3.66548140E+00
  30  12  26  13  4.82138505E+00
  30  12  27  13  6.42598465E+00
  30  12  28  13  8.80041317E+00
  30  12  29  13  1.24887741E+01
  30  13  30  12  7.76365801E-23
  15  14  14  13  1.51020208E+04
  16  14  14  13  2.91795321E+03
  17  14  14  13  9.35596111E+02
  18  14  14  13  3.92990441E+02
  19  14  14  13  1.95870517E+02
  20  14  14  13  1.09897195E+02
  21  14  14  13  6.72434590E+01
  22  14  14  13  4.39507624E+01
  23  14  14  13  3.02508994E+01
  24  14  14  13  2.17028934E+01
  25  14  14  13  1.61068111E+01
  26  14  14  13  1.22944935E+01
  27  14  14  13  9.60900529E+00
  28  14  14  13  7.66264881E+00
  29  14  14  13  6.21701739E+00
  30  14  14  13  5.12021946E+00
  15  14  15  13  2.11295523E-21
  16  14  15  13  9.53783879E+03
  17  14  15  13  3.22180061E+03
  18  14  15  13  1.37177163E+03
  19  14  15  13  6.87470325E+02
  20  14  15  13  3.86786722E+02
  21  14  15  13  2.37041162E+02
  22  14  15  13  1.55085878E+02
  23  14  15  13  1.06815251E+02
  24  14  15  13  7.66682895E+01
  25  14  15  13  5.69188405E+01
  26  14  15  13  4.34579110E+01
  27  14  15  13  3.39721445E+01
  28  14  15  13  2.70951524E+01
  29  14  15  13  2.19861681E+01
  30  14  15  13  1.81092631E+01
  16  13  15  14  6.69873275E+00
  16  14  16  13  4.68649640E-21
  17  14  16  13  6.23974125E+03
  18  14  16  13  2.79796414E+03
  19  14  16  13  1.42112021E+03
  20  14  16  13  8.03877229E+02
  21  14  16  13  4.93984039E+02
  22  14  16  13  3.23690145E+02
  23  14  16  13  2.23155270E+02
  24  14  16  13  1.60275382E+02
  25  14  16  13  1.19042138E+02
  26  14  16  13  9.09188845E+01
  27  14  16  13  7.10908167E+01
  28  14  16  13  5.67104440E+01
  29  14  16  13  4.60240172E+01
  30  14  16  13  3.79128617E+01
  17  13  15  14  1.64804062E+00
  17  13  16  14  1.32446309E+01
  17  14  17  13  9.56412724E-21
  18  14  17  13  4.20804294E+03
  19  14  17  13  2.24993257E+03
  20  14  17  13  1.28959517E+03
  21  14  17  13  7.96644801E+02
  22  14  17  13  5.23380672E+02
  23  14  17  13  3.61359275E+02
  24  14  17  13  2.59775191E+02
  25  14  17  13  1.93061219E+02
  26  14  17  13  1.47513324E+02
  27  14  17  13  1.15377867E+02
  28  14  17  13  9.20598271E+01
  29  14  17  13  7.47251045E+01
  30  14  17  13  6.15640259E+01
  18  13  15  14  5.71573287E-01
  18  13  16  14  3.97973006E+00
  18  13  17  14  1.78892154E+01
  18  14  18  13  7.29204588E-21
  19  14  18  13  2.91397420E+03
  20  14  18  13  1.75729683E+03
  21  14  18  13  1.09970375E+03
  22  14  18  13  7.26199955E+02
  23  14  18  13  5.02660974E+02
  24  14  18  13  3.61868220E+02
  25  14  18  13  2.69170094E+02
  26  14  18  13  2.05783898E+02
  27  14  18  13  1.61017695E+02
  28  14  18  13  1.28511961E+02
  29  14  18  13  1.04335038E+02
  30  14  18  13  8.59723915E+01
  19  13  15  14  2.47590005E-01
  19  13  16  14  1.57342039E+00
  19  13  17  14  6.20174268E+00
  19  13  18  14  2.05749996E+01
  19  14  19  13  6.04639913E-21
  20  14  19  13  2.06530208E+03
  21  14  19  13  1.35906620E+03
  22  14  19  13  9.08916526E+02
  23  14  19  13  6.32272325E+02
  24  14  19  13  4.56283118E+02
  25  14  19  13  3.39858566E+02
  26  14  19  13  2.60040136E+02
  27  14  19  13  2.03579821E+02
  28  14  19  13  1.62540991E+02
  29  14  19  13  1.31996256E+02
  30  14  19  13  1.08785829E+02
  20  13  15  14  1.24841220E-01
  20  13  16  14  7.47317077E-01
  20  13  17  14  2.70462871E+00
  20  13  18  14  7.95085497E+00
  20  13  19  14  2.17118550E+01
  20  14  20  13  3.91699734E-21
  21  14  20  13  1.49420921E+03
  22  14  20  13  1.05016015E+03
  23  14  20  13  7.39629808E+02
  24  14  20  13  5.36333816E+02
  25  14  20  13  4.00413574E+02
  26  14  20  13  3.06766031E+02
  27  14  20  13  2.40345786E+02
  28  14  20  13  1.91990447E+02
  29  14  20  13  1.55963549E+02
  30  14  20  13  1.28568658E+02
  21  13  15  14  7.02349689E-02
  21  13  16  14  4.03285877E-01
  21  13  17  14  1.37958661E+00
  21  13  18  14  3.74364406E+00
  21  13  19  14  9.14210352E+00
  21  13  20  14  2.17572915E+01
  21  14  21  13  3.24461720E-21
  22  14  21  13  1.10101622E+03
  23  14  21  13  8.14397939E+02
  24  14  21  13  5.97731941E+02
  25  14  21  13  4.48328915E+02
  26  14  21  13  3.44237212E+02
  27  14  21  13  2.70029266E+02
  28  14  21  13  2.15856519E+02
  29  14  21  13  1.75430722E+02
  30  14  21  13  1.44659984E+02
  22  13  15  14  4.29024888E-02
  22  13  16  14  2.38945795E-01
  22  13  17  14  7.85764821E-01
  22  13  18  14  2.02170242E+00
  22  13  19  14  4.57886749E+00
  22  13  20  14  9.82433823E+00
  22  13  21  14  2.10917564E+01
  22  14  22  13  1.73521647E-21
  23  14  22  13  8.24715701E+02
  24  14  22  13  6.35294264E+02
  25  14  22  13  4.82148600E+02
  26  14  22  13  3.71862626E+02
  27  14  22  13  2.92313885E+02
  28  14  22  13  2.33934336E+02
  29  14  22  13  1.90248506E+02
  30  14  22  13  1.56943206E+02
  23  13  15  14  2.79320033E-02
  23  13  16  14  1.52000653E-01
  23  13  17  14  4.85546219E-01
  23  13  18  14  1.20329482E+00
  23  13  19  14  2.59121524E+00
  23  13  20  14  5.17806316E+00
  23  13  21  14  1.00944876E+01
  23  13  22  14  1.99983246E+01
  23  14  23  13  1.07963425E-21
  24  14  23  13  6.26956390E+02
  25  14  23  13  4.99065830E+02
  26  14  23  13  3.89349500E+02
  27  14  23  13  3.07375698E+02
  28  14  23  13  2.46478062E+02
  29  14  23  13  2.00660282E+02
  30  14  23  13  1.65632082E+02
  24  13  15  14  1.91298646E-02
  24  13  16  14  1.02225781E-01
  24  13  17  14  3.19388167E-01
  24  13  18  14  7.69904019E-01
  24  13  19  14  1.59980408E+00
  24  13  20  14  3.04729353E+00
  24  13  21  14  5.55378414E+00
  24  13  22  14  1.00551661E+01
  24  13  23  14  1.86753551E+01
  24  14  24  13  6.14736191E-22
  25  14  24  13  4.83042732E+02
  26  14  24  13  3.94998131E+02
  27  14  24  13  3.15332384E+02
  28  14  24  13  2.53899482E+02
  29  14  24  13  2.07089878E+02
  30  14  24  13  1.71105147E+02
  25  13  15  14  1.36500976E-02
  25  13  16  14  7.18865949E-02
  25  13  17  14  2.20717846E-01
  25  13  18  14  5.20887923E-01
  25  13  19  14  1.05411288E+00
  25  13  20  14  1.94064351E+00
  25  13  21  14  3.37903458E+00
  25  13  22  14  5.73885283E+00
  25  13  23  14  9.79693806E+00
  25  13  24  14  1.72561428E+01
  25  14  25  13  1.04670004E-21
  26  14  25  13  3.76723404E+02
  27  14  25  13  3.15020256E+02
  28  14  25  13  2.56412357E+02
  29  14  25  13  2.09962478E+02
  30  14  25  13  1.73783670E+02
  26  13  15  14  1.00746737E-02
  26  13  16  14  5.24273570E-02
  26  13  17  14  1.58728806E-01
  26  13  18  14  3.68383401E-01
  26  13  19  14  7.30493930E-01
  26  13  20  14  1.31123561E+00
  26  13  21  14  2.20998008E+00
  26  13  22  14  3.59326659E+00
  26  13  23  14  5.77189003E+00
  26  13  24  14  9.39298687E+00
  26  13  25  14  1.58269506E+01
  26  14  26  13  7.00297054E-22
  27  14  26  13  2.97091045E+02
  28  14  26  13  2.53133602E+02
  29  14  26  13  2.09471098E+02
  30  14  26  13  1.74027792E+02
  27  13  15  14  7.64855921E-03
  27  13  16  14  3.94089297E-02
  27  13  17  14  1.17949219E-01
  27  13  18  14  2.70071946E-01
  27  13  19  14  5.27010135E-01
  27  13  20  14  9.27711613E-01
  27  13  21  14  1.52608539E+00
  27  13  22  14  2.40510473E+00
  27  13  23  14  3.70549781E+00
  27  13  24  14  5.68986379E+00
  27  13  25  14  8.89936849E+00
  27  13  26  14  1.44412380E+01
  27  14  27  13  6.84856173E-22
  28  14  27  13  2.36692156E+02
  29  14  27  13  2.04898797E+02
  30  14  27  13  1.71977248E+02
  28  13  15  14  5.94684156E-03
  28  13  16  14  3.03855141E-02
  28  13  17  14  9.00745291E-02
  28  13  18  14  2.03970984E-01
  28  13  19  14  3.92885190E-01
  28  13  20  14  6.81002504E-01
  28  13  21  14  1.09944571E+00
  28  13  22  14  1.69279102E+00
  28  13  23  14  2.53112413E+00
  28  13  24  14  3.73418171E+00
  28  13  25  14  5.52485059E+00
  28  13  26  14  8.35743538E+00
  28  13  27  14  1.31301371E+01
  28  14  28  13  1.37549943E-22
  29  14  28  13  1.90349009E+02
  30  14  28  13  1.67028202E+02
  29  13  15  14  4.71890852E-03
  29  13  16  14  2.39398879E-02
  29  13  17  14  7.03946299E-02
  29  13  18  14  1.57936359E-01
  29  13  19  14  3.00975417E-01
  29  13  20  14  5.15200049E-01
  29  13  21  14  8.19478402E-01
  29  13  22  14  1.23917017E+00
  29  13  23  14  1.81175194E+00
  29  13  24  14  2.59702641E+00
  29  13  25  14  3.69749711E+00
  29  13  26  14  5.30309729E+00
  29  13  27  14  7.79674299E+00
  29  13  28  14  1.19099269E+01
  29  14  29  13  3.17170122E-22
  30  14  29  13  1.54409974E+02
  30  13  15  14  3.81088712E-03
  30  13  16  14  1.92148367E-02
  30  13  17  14  5.61110651E-02
  30  13  18  14  1.24906770E-01
  30  13  19  14  2.35909644E-01
  30  13  20  14  3.99670421E-01
  30  13  21  14  6.28081936E-01
  30  13  22  14  9.36217212E-01
  30  13  23  14  1.34520954E+00
  30  13  24  14  1.88703208E+00
  30  13  25  14  2.61314226E+00
  30  13  26  14  3.61173351E+00
  30  13  27  14  5.04527143E+00
  30  13  28  14  7.23776398E+00
  30  13  29  14  1.07872085E+01
  30  14  30  13  1.54403891E-22
  16  15  15  14  1.08890442E+04
  17  15  15  14  2.01130541E+03
  18  15  15  14  6.20659049E+02
  19  15  15  14  2.52280497E+02
  20  15  15  14  1.22223552E+02
  21  15  15  14  6.69067585E+01
  22  15  15  14  4.00662986E+01
  23  15  15  14  2.56966629E+01
  24  15  15  14  1.73937218E+01
  25  15  15  14  1.22952527E+01
  26  15  15  14  9.00534584E+00
  27  15  15  14  6.79330897E+00
  28  15  15  14  5.25360323E+00
  29  15  15  14  4.14979131E+00
  30  15  15  14  3.33811241E+00
  16  15  16  14  2.34416436E-22
  17  15  16  14  7.07479095E+03
  18  15  16  14  2.29999262E+03
  19  15  16  14  9.47645472E+02
  20  15  16  14  4.61638010E+02
  21  15  16  14  2.53405583E+02
  22  15  16  14  1.51989544E+02
  23  15  16  14  9.75759748E+01
  24  15  16  14  6.60917768E+01
  25  15  16  14  4.67406938E+01
  26  15  16  14  3.42457031E+01
  27  15  16  14  2.58403541E+01
  28  15  16  14  1.99875880E+01
  29  15  16  14  1.57905495E+01
  30  15  16  14  1.27035900E+01
  17  14  16  15  4.30322100E+00
  17  15  17  14  5.82110070E-23
  18  15  17  14  4.74202891E+03
  19  15  17  14  2.05774794E+03
  20  15  17  14  1.01594948E+03
  21  15  17  14  5.60702452E+02
  22  15  17  14  3.37212567E+02
  23  15  17  14  2.16821772E+02
  24  15  17  14  1.47002729E+02
  25  15  17  14  1.04028242E+02
  26  15  17  14  7.62529318E+01
  27  15  17  14  5.75559278E+01
  28  15  17  14  4.45305146E+01
  29  15  17  14  3.51864801E+01
  30  15  17  14  2.83118898E+01
  18  14  16  15  1.01390790E+00
  18  14  17  15  8.72001372E+00
  18  15  18  14  4.21572111E-22
  19  15  18  14  3.26574614E+03
  20  15  18  14  1.69746163E+03
  21  15  18  14  9.49299079E+02
  22  15  18  14  5.73948307E+02
  23  15  18  14  3.70011254E+02
  24  15  18  14  2.51238311E+02
  25  15  18  14  1.77956487E+02
  26  15  18  14  1.30522404E+02
  27  15  18  14  9.85605930E+01
  28  15  18  14  7.62788815E+01
  29  15  18  14  6.02867312E+01
  30  15  18  14  4.85166331E+01
  19  14  16  15  3.38825982E-01
  19  14  17  15  2.51898127E+00
  19  14  18  15  1.20384923E+01
  19  15  19  14  1.07797263E-21
  20  15  19  14  2.30317010E+03
  21  15  19  14  1.35539064E+03
  22  15  19  14  8.30198930E+02
  23  15  19  14  5.37982941E+02
  24  15  19  14  3.66224663E+02
  25  15  19  14  2.59776457E+02
  26  15  19  14  1.90702083E+02
  27  15  19  14  1.44087453E+02
  28  15  19  14  1.11558157E+02
  29  15  19  14  8.81949248E+01
  30  15  19  14  7.09912521E+01
  20  14  16  15  1.42130272E-01
  20  14  17  15  9.63100925E-01
  20  14  18  15  4.02499264E+00
  20  14  19  15  1.41202153E+01
  20  15  20  14  1.92475145E-21
  21  15  20  14  1.65881694E+03
  22  15  20  14  1.06862705E+03
  23  15  20  14  7.01383381E+02
  24  15  20  14  4.79864935E+02
  25  15  20  14  3.41225274E+02
  26  15  20  14  2.50838806E+02
  27  15  20  14  1.89683976E+02
  28  15  20  14  1.46941242E+02
  29  15  20  14  1.16211392E+02
  30  15  20  14  9.35676273E+01
  21  14  16  15  6.96891107E-02
  21  14  17  15  4.44407175E-01
  21  14  18  15  1.70261311E+00
  21  14  19  15  5.27646207E+00
  21  14  20  15  1.51665273E+01
  21  15  21  14  2.22124659E-21
  22  15  21  14  1.21729734E+03
  23  15  21  14  8.39835041E+02
  24  15  21  14  5.81818837E+02
  25  15  21  14  4.15748232E+02
  26  15  21  14  3.06346622E+02
  27  15  21  14  2.31963037E+02
  28  15  21  14  1.79835982E+02
  29  15  21  14  1.42299703E+02
  30  15  21  14  1.14612380E+02
  22  14  16  15  3.82581693E-02
  22  14  17  15  2.33859811E-01
  22  14  18  15  8.45987712E-01
  22  14  19  15  2.41583011E+00
  22  14  20  15  6.18940815E+00
  22  14  21  15  1.54443197E+01
  22  15  22  14  1.97034430E-21
  23  15  22  14  9.08388858E+02
  24  15  22  14  6.61119639E+02
  25  15  22  14  4.78227471E+02
  26  15  22  14  3.54054724E+02
  27  15  22  14  2.68696704E+02
  28  15  22  14  2.08574111E+02
  29  15  22  14  1.65162373E+02
  30  15  22  14  1.33089822E+02
  23  14  16  15  2.28712998E-02
  23  14  17  15  1.35534254E-01
  23  14  18  15  4.70959886E-01
  23  14  19  15  1.27369107E+00
  23  14  20  15  3.02079510E+00
  23  14  21  15  6.77224194E+00
  23  14  22  15  1.51927297E+01
  23  15  23  14  2.51536717E-21
  24  15  23  14  6.88175823E+02
  25  15  23  14  5.22645613E+02
  26  15  23  14  3.91590889E+02
  27  15  23  14  2.98543801E+02
  28  15  23  14  2.32245833E+02
  29  15  23  14  1.84123098E+02
  30  15  23  14  1.48471482E+02
  24  14  16  15  1.46093045E-02
  24  14  17  15  8.45529871E-02
  24  14  18  15  2.85235855E-01
  24  14  19  15  7.42409998E-01
  24  14  20  15  1.67209302E+00
  24  14  21  15  3.48450293E+00
  24  14  22  15  7.07319787E+00
  24  14  23  15  1.45995726E+01
  24  15  24  14  1.99048914E-21
  25  15  24  14  5.28514035E+02
  26  15  24  14  4.15498930E+02
  27  15  24  14  3.20486450E+02
  28  15  24  14  2.50415755E+02
  29  15  24  14  1.98938229E+02
  30  15  24  14  1.60594738E+02
  25  14  16  15  9.83745269E-03
  25  14  17  15  5.58900163E-02
  25  14  18  15  1.84324665E-01
  25  14  19  15  4.66369288E-01
  25  14  20  15  1.01267248E+00
  25  14  21  15  2.00900421E+00
  25  14  22  15  3.80489026E+00
  25  14  23  15  7.15153736E+00
  25  14  24  15  1.38028746E+01
  25  15  25  14  3.00325291E-21
  26  15  25  14  4.10963893E+02
  27  15  25  14  3.32402602E+02
  28  15  25  14  2.62696439E+02
  29  15  25  14  2.09580211E+02
  30  15  25  14  1.69516912E+02
  26  14  16  15  6.91423703E-03
  26  14  17  15  3.87017394E-02
  26  14  18  15  1.25385776E-01
  26  14  19  15  3.10436068E-01
  26  14  20  15  6.56057024E-01
  26  14  21  15  1.25682371E+00
  26  14  22  15  2.27112921E+00
  26  14  23  15  3.99620180E+00
  26  14  24  15  7.06378368E+00
  26  14  25  15  1.28998560E+01
  26  15  26  14  2.90636472E-21
  27  15  26  14  3.23199565E+02
  28  15  26  14  2.67679007E+02
  29  15  26  14  2.15934078E+02
  30  15  26  14  1.75368045E+02
  27  14  16  15  5.03458677E-03
  27  14  17  15  2.78390489E-02
  27  14  18  15  8.89087622E-02
  27  14  19  15  2.16388704E-01
  27  14  20  15  4.47875255E-01
  27  14  21  15  8.35994554E-01
  27  14  22  15  1.46093909E+00
  27  14  23  15  2.45772022E+00
  27  14  24  15  4.07940481E+00
  27  14  25  15  6.85824597E+00
  27  14  26  15  1.19567279E+01
  27  15  27  14  1.42943635E-21
  28  15  27  14  2.56829991E+02
  29  15  27  14  2.16990479E+02
  30  15  27  14  1.78136825E+02
  28  14  16  15  3.77601077E-03
  28  14  17  15  2.06688325E-02
  28  14  18  15  6.52368656E-02
  28  14  19  15  1.56596193E-01
  28  14  20  15  3.18822270E-01
  28  14  21  15  5.83307302E-01
  28  14  22  15  9.94227653E-01
  28  14  23  15  1.61970303E+00
  28  14  24  15  2.57516799E+00
  28  14  25  15  4.07665815E+00
  28  14  26  15  6.57374613E+00
  28  14  27  15  1.10170869E+01
  28  15  28  14  1.09109348E-21
  29  15  28  14  2.06046617E+02
  30  15  28  14  1.77053120E+02
  29  14  16  15  2.90389669E-03
  29  14  17  15  1.57595928E-02
  29  14  18  15  4.92557742E-02
  29  14  19  15  1.16898066E-01
  29  14  20  15  2.34847248E-01
  29  14  21  15  4.22902540E-01
  29  14  22  15  7.07059251E-01
  29  14  23  15  1.12454606E+00
  29  14  24  15  1.73355370E+00
  29  14  25  15  2.63320516E+00
  29  14  26  15  4.00847080E+00
  29  14  27  15  6.24023887E+00
  29  14  28  15  1.01084971E+01
  29  15  29  14  1.93096968E-21
  30  15  29  14  1.66766362E+02
  30  14  16  15  2.28156992E-03
  30  14  17  15  1.22920264E-02
  30  14  18  15  3.81004592E-02
  30  14  19  15  8.95681781E-02
  30  14  20  15  1.77975245E-01
  30  14  21  15  3.16391995E-01
  30  14  22  15  5.20944301E-01
  30  14  23  15  8.13281823E-01
  30  14  24  15  1.22505348E+00
  30  14  25  15  1.80629511E+00
  30  14  26  15  2.64250151E+00
  30  14  27  15  3.89253041E+00
  30  14  28  15  5.88011946E+00
  30  14  29  15  9.24737747E+00
  30  15  30  14  1.01810507E-21
  17  16  16  15  8.01073344E+03
  18  16  16  15  1.41689382E+03
  19  16  16  15  4.21248676E+02
  20  16  16  15  1.65795902E+02
  21  16  16  15  7.81012063E+01
  22  16  16  15  4.17156382E+01
  23  16  16  15  2.44461547E+01
  24  16  16  15  1.53813528E+01
  25  16  16  15  1.02358375E+01
  26  16  16  15  7.12652885E+00
  27  16  16  15  5.14919564E+00
  28  16  16  15  3.83722319E+00
  29  16  16  15  2.93502570E+00
  30  16  16  15  2.29539615E+00
  17  16  17  15  7.63024567E-24
  18  16  17  15  5.33671051E+03
  19  16  17  15  1.67152155E+03
  20  16  17  15  6.66861273E+02
  21  16  17  15  3.15866362E+02
  22  16  17  15  1.69177893E+02
  23  16  17  15  9.92986148E+01
  24  16  17  15  6.25400926E+01
  25  16  17  15  4.16462417E+01
  26  16  17  15  2.90090168E+01
  27  16  17  15  2.09672810E+01
  28  16  17  15  1.56289920E+01
  29  16  17  15  1.19567086E+01
  30  16  17  15  9.35244287E+00
  18  15  17  16  2.83824795E+00
  18  16  18  15  3.07215108E-23
  19  16  18  15  3.65526565E+03
  20  16  18  15  1.53590551E+03
  21  16  18  15  7.37332103E+02
  22  16  18  15  3.97056971E+02
  23  16  18  15  2.33683756E+02
  24  16  18  15  1.47406077E+02
  25  16  18  15  9.82543472E+01
  26  16  18  15  6.84838090E+01
  27  16  18  15  4.95212920E+01
  28  16  18  15  3.69251625E+01
  29  16  18  15  2.82559017E+01
  30  16  18  15  2.21056926E+01
  19  15  17  16  6.41461292E-01
  19  15  18  16  5.87840423E+00
  19  16  19  15  7.96607664E-25
  20  16  19  15  2.56520984E+03
  21  16  19  15  1.29655300E+03
  22  16  19  15  7.07518288E+02
  23  16  19  15  4.18620458E+02
  24  16  19  15  2.64762153E+02
  25  16  19  15  1.76743954E+02
  26  16  19  15  1.23306394E+02
  27  16  19  15  8.92190751E+01
  28  16  19  15  6.65540562E+01
  29  16  19  15  5.09443386E+01
  30  16  19  15  3.98649507E+01
  20  15  17  16  2.06763324E-01
  20  15  18  16  1.63461744E+00
  20  15  19  16  8.27583816E+00
  20  16  20  15  2.13594082E-23
  21  16  20  15  1.83930865E+03
  22  16  20  15  1.05630201E+03
  23  16  20  15  6.33203305E+02
  24  16  20  15  4.02565813E+02
  25  16  20  15  2.69428037E+02
  26  16  20  15  1.88241056E+02
  27  16  20  15  1.36324984E+02
  28  16  20  15  1.01753231E+02
  29  16  20  15  7.79195540E+01
  30  16  20  15  6.09914207E+01
  21  15  17  16  8.40447754E-02
  21  15  18  16  6.04867865E-01
  21  15  19  16  2.67137428E+00
  21  15  20  16  9.87968783E+00
  21  16  21  15  1.93455143E-23
  22  16  21  15  1.34425976E+03
  23  16  21  15  8.47655810E+02
  24  16  21  15  5.45871418E+02
  25  16  21  15  3.67198139E+02
  26  16  21  15  2.57190410E+02
  27  16  21  15  1.86518803E+02
  28  16  21  15  1.39337185E+02
  29  16  21  15  1.06759880E+02
  30  16  21  15  8.35982003E+01
  22  15  17  16  4.00861831E-02
  22  15  18  16  2.71278123E-01
  22  15  19  16  1.09674866E+00
  22  15  20  16  3.57321723E+00
  22  15  21  16  1.07829113E+01
  22  16  22  15  8.23502494E-23
  23  16  22  15  9.99394747E+02
  24  16  22  15  6.76655932E+02
  25  16  22  15  4.60948428E+02
  26  16  22  15  3.24453635E+02
  27  16  22  15  2.35866446E+02
  28  16  22  15  1.76437880E+02
  29  16  22  15  1.35296332E+02
  30  16  22  15  1.05999462E+02
  23  15  17  16  2.14771723E-02
  23  15  18  16  1.39234764E-01
  23  15  19  16  5.31006023E-01
  23  15  20  16  1.59160114E+00
  23  15  21  16  4.26819904E+00
  23  15  22  16  1.11416878E+01
  23  16  23  15  1.90752626E-22
  24  16  23  15  7.54523865E+02
  25  16  23  15  5.40112662E+02
  26  16  23  15  3.84902276E+02
  27  16  23  15  2.81156766E+02
  28  16  23  15  2.10804927E+02
  29  16  23  15  1.61856184E+02
  30  16  23  15  1.26905531E+02
  24  15  17  16  1.25652888E-02
  24  15  18  16  7.89341590E-02
  24  15  19  16  2.88964781E-01
  24  15  20  16  8.19414094E-01
  24  15  21  16  2.03069319E+00
  24  15  22  16  4.74753609E+00
  24  15  23  16  1.11074723E+01
  24  16  24  15  9.55180642E-23
  25  16  24  15  5.77633412E+02
  26  16  24  15  4.32318833E+02
  27  16  24  15  3.19635675E+02
  28  16  24  15  2.40773116E+02
  29  16  24  15  1.85277386E+02
  30  16  24  15  1.45445433E+02
  25  15  17  16  7.87357044E-03
  25  15  18  16  4.82881534E-02
  25  15  19  16  1.71527592E-01
  25  15  20  16  4.67765965E-01
  25  15  21  16  1.09962443E+00
  25  15  22  16  2.38537976E+00
  25  15  23  16  5.03335054E+00
  25  15  24  16  1.08055891E+01
  25  16  25  15  2.49155971E-22
  26  16  25  15  4.47839483E+02
  27  16  25  15  3.47546444E+02
  28  16  25  15  2.64912822E+02
  29  16  25  15  2.04772645E+02
  30  16  25  15  1.61091792E+02
  26  15  17  16  5.21163096E-03
  26  15  18  16  3.13659299E-02
  26  15  19  16  1.08879512E-01
  26  15  20  16  2.88472052E-01
  26  15  21  16  6.53279223E-01
  26  15  22  16  1.34752514E+00
  26  15  23  16  2.64800239E+00
  26  15  24  16  5.15936754E+00
  26  15  25  16  1.03322324E+01
  26  16  26  15  5.51464149E-22
  27  16  26  15  3.51238373E+02
  28  16  26  15  2.80854974E+02
  29  16  26  15  2.19619578E+02
  30  16  26  15  1.73524175E+02
  27  15  17  16  3.60705560E-03
  27  15  18  16  2.13823948E-02
  27  15  19  16  7.28897895E-02
  27  15  20  16  1.88890470E-01
  27  15  21  16  4.16081401E-01
  27  15  22  16  8.28093939E-01
  27  15  23  16  1.55076365E+00
  27  15  24  16  2.82326709E+00
  27  15  25  16  5.16071183E+00
  27  15  26  16  9.75799426E+00
  27  16  27  15  9.70097361E-23
  28  16  27  15  2.78400126E+02
  29  16  27  15  2.28243237E+02
  30  16  27  15  1.82384624E+02
  28  15  17  16  2.59035082E-03
  28  15  18  16  1.51658513E-02
  28  15  19  16  5.09480541E-02
  28  15  20  16  1.29742330E-01
  28  15  21  16  2.79770590E-01
  28  15  22  16  5.42187740E-01
  28  15  23  16  9.81090435E-01
  28  15  24  16  1.70560290E+00
  28  15  25  16  2.92201702E+00
  28  15  26  16  5.06918116E+00
  28  15  27  16  9.13300606E+00
  28  16  28  15  5.51746230E-22
  29  16  28  15  2.22819661E+02
  30  16  28  15  1.86566353E+02
  29  15  17  16  1.91866151E-03
  29  15  18  16  1.11176175E-02
  29  15  19  16  3.69025095E-02
  29  15  20  16  9.26571715E-02
  29  15  21  16  1.96463723E-01
  29  15  22  16  3.73013283E-01
  29  15  23  16  6.57913137E-01
  29  15  24  16  1.10665468E+00
  29  15  25  16  1.81377989E+00
  29  15  26  16  2.95728044E+00
  29  15  27  16  4.91153264E+00
  29  15  28  16  8.49186056E+00
  29  16  29  15  7.19141604E-22
  30  16  29  15  1.79939105E+02
  30  15  17  16  1.45891289E-03
  30  15  18  16  8.38005879E-03
  30  15  19  16  2.75382821E-02
  30  15  20  16  6.83459563E-02
  30  15  21  16  1.42952925E-01
  30  15  22  16  2.67038468E-01
  30  15  23  16  4.61775819E-01
  30  15  24  16  7.57822958E-01
  30  15  25  16  1.20323301E+00
  30  15  26  16  1.88004347E+00
  30  15  27  16  2.94204011E+00
  30  15  28  16  4.70925648E+00
  30  15  29  16  7.85770549E+00
  30  16  30  15  2.77565630E-22
  18  17  17  16  5.99889816E+03
  19  17  17  16  1.01767138E+03
  20  17  17  16  2.91805443E+02
  21  17  17  16  1.11280549E+02
  22  17  17  16  5.09888523E+01
  23  17  17  16  2.65771547E+01
  24  17  17  16  1.52412276E+01
  25  17  17  16  9.40670169E+00
  26  17  17  16  6.15303696E+00
  27  17  17  16  4.21830245E+00
  28  17  17  16  3.00581706E+00
  29  17  17  16  2.21202100E+00
  30  17  17  16  1.67281150E+00
  18  16  18  17  5.21759016E-24
  19  17  18  16  4.08653401E+03
  20  17  18  16  1.23446137E+03
  21  17  18  16  4.77189818E+02
  22  17  18  16  2.19852114E+02
  23  17  18  16  1.14911260E+02
  24  17  18  16  6.60026860E+01
  25  17  18  16  4.07765113E+01
  26  17  18  16  2.66901114E+01
  27  17  18  16  1.83063123E+01
  28  17  18  16  1.30488805E+01
  29  17  18  16  9.60530064E+00
  30  17  18  16  7.26531414E+00
  19  16  18  17  1.91633306E+00
  19  17  19  16  3.65578034E-24
  20  17  19  16  2.85385045E+03
  21  17  19  16  1.16192567E+03
  22  17  19  16  5.42567887E+02
  23  17  19  16  2.85127186E+02
  24  17  19  16  1.64216117E+02
  25  17  19  16  1.01610160E+02
  26  17  19  16  6.65729064E+01
  27  17  19  16  4.56906823E+01
  28  17  19  16  3.25833331E+01
  29  17  19  16  2.39924836E+01
  30  17  19  16  1.81520225E+01
  20  16  18  17  4.16059749E-01
  20  16  19  17  4.04728686E+00
  20  17  20  16  1.21047789E-23
  21  17  20  16  2.03720263E+03
  22  17  20  16  1.00162503E+03
  23  17  20  16  5.33408783E+02
  24  17  20  16  3.08852955E+02
  25  17  20  16  1.91613651E+02
  26  17  20  16  1.25731000E+02
  27  17  20  16  8.63733487E+01
  28  17  20  16  6.16335899E+01
  29  17  20  16  4.54030375E+01
  30  17  20  16  3.43613696E+01
  21  16  18  17  1.29487347E-01
  21  16  19  17  1.08467998E+00
  21  16  20  17  5.79909554E+00
  21  17  21  16  2.31803261E-24
  22  17  21  16  1.48287749E+03
  23  17  21  16  8.31169745E+02
  24  17  21  16  4.87611996E+02
  25  17  21  16  3.04102052E+02
  26  17  21  16  2.00060001E+02
  27  17  21  16  1.37636483E+02
  28  17  21  16  9.83024119E+01
  29  17  21  16  7.24586976E+01
  30  17  21  16  5.48599282E+01
  22  16  18  17  5.10366875E-02
  22  16  19  17  3.88764957E-01
  22  16  20  17  1.80907719E+00
  22  16  21  17  7.03426565E+00
  22  17  22  16  7.60686445E-24
  23  17  22  16  1.09837302E+03
  24  17  22  16  6.77917810E+02
  25  17  22  16  4.28280580E+02
  26  17  22  16  2.83198179E+02
  27  17  22  16  1.95324818E+02
  28  17  22  16  1.39701920E+02
  29  17  22  16  1.03063747E+02
  30  17  22  16  7.80760142E+01
  23  16  18  17  2.36890647E-02
  23  16  19  17  1.69550098E-01
  23  16  20  17  7.21309785E-01
  23  16  21  17  2.46449060E+00
  23  16  22  17  7.78972325E+00
  23  17  23  16  7.86338953E-25
  24  17  23  16  8.26429600E+02
  25  17  23  16  5.49030828E+02
  26  17  23  16  3.67680949E+02
  27  17  23  16  2.54862600E+02
  28  17  23  16  1.82730452E+02
  29  17  23  16  1.34991238E+02
  30  17  23  16  1.02347593E+02
  24  16  18  17  1.23891864E-02
  24  16  19  17  8.48995170E-02
  24  16  20  17  3.40419166E-01
  24  16  21  17  1.06848947E+00
  24  16  22  17  2.99296557E+00
  24  16  23  17  8.15665439E+00
  24  17  24  16  2.60946440E-26
  25  17  24  16  6.30694299E+02
  26  17  24  16  4.43933499E+02
  27  17  24  16  3.11577019E+02
  28  17  24  16  2.24482171E+02
  29  17  24  16  1.66226642E+02
  30  17  24  16  1.26194156E+02
  25  16  18  17  7.09399715E-03
  25  16  19  17  4.70859826E-02
  25  16  20  17  1.81116912E-01
  25  16  21  17  5.37310515E-01
  25  16  22  17  1.38869076E+00
  25  16  23  17  3.37961324E+00
  25  16  24  17  8.23158263E+00
  25  17  25  16  3.29858968E-24
  26  17  25  16  4.87554412E+02
  27  17  25  16  3.59477570E+02
  28  17  25  16  2.62178246E+02
  29  17  25  16  1.95059883E+02
  30  17  25  16  1.48420265E+02
  26  16  18  17  4.36039620E-03
  26  16  19  17  2.82459330E-02
  26  16  20  17  1.05373505E-01
  26  16  21  17  3.00427448E-01
  26  16  22  17  7.35785278E-01
  26  16  23  17  1.65875882E+00
  26  16  24  17  3.63277032E+00
  26  16  25  17  8.09863074E+00
  26  17  26  16  1.07688767E-22
  27  17  26  16  3.81351945E+02
  28  17  26  16  2.92026788E+02
  29  17  26  16  2.19884867E+02
  30  17  26  16  1.68078524E+02
  27  16  18  17  2.83671232E-03
  27  16  19  17  1.80276791E-02
  27  16  20  17  6.56972350E-02
  27  16  21  17  1.81884899E-01
  27  16  22  17  4.28818629E-01
  27  16  23  17  9.18257967E-01
  27  16  24  17  1.86963310E+00
  27  16  25  17  3.77113013E+00
  27  16  26  17  7.82506395E+00
  27  17  27  16  1.07189243E-24
  28  17  27  16  3.01506298E+02
  29  17  27  16  2.38236206E+02
  30  17  27  16  1.84253863E+02
  28  16  18  17  1.93296331E-03
  28  16  19  17  1.20966487E-02
  28  16  20  17  4.32774494E-02
  28  16  21  17  1.17144817E-01
  28  16  22  17  2.68496234E-01
  28  16  23  17  5.54324102E-01
  28  16  24  17  1.07437841E+00
  28  16  25  17  2.02133888E+00
  28  16  26  17  3.81637102E+00
  28  16  27  17  7.46209033E+00
  28  17  28  16  1.84262044E-22
  29  17  28  16  2.40743659E+02
  30  17  28  16  1.95284316E+02
  29  16  18  17  1.36869757E-03
  29  16  19  17  8.45796622E-03
  29  16  20  17  2.98127354E-02
  29  16  21  17  7.92744363E-02
  29  16  22  17  1.77793918E-01
  29  16  23  17  3.57225898E-01
  29  16  24  17  6.68483239E-01
  29  16  25  17  1.19961001E+00
  29  16  26  17  2.11898213E+00
  29  16  27  17  3.78937297E+00
  29  16  28  17  7.04741415E+00
  29  17  29  16  1.31822752E-23
  30  17  29  16  1.93983887E+02
  30  16  18  17  1.00091146E-03
  30  16  19  17  6.12044057E-03
  30  16  20  17  2.13111749E-02
  30  16  21  17  5.58587131E-02
  30  16  22  17  1.23142996E-01
  30  16  23  17  2.42291695E-01
  30  16  24  17  4.41690764E-01
  30  16  25  17  7.66290802E-01
  30  16  26  17  1.29344681E+00
  30  16  27  17  2.17001702E+00
  30  16  28  17  3.70851068E+00
  30  16  29  17  6.60806686E+00
  30  17  30  16  2.74419089E-24
  19  18  18  17  4.56396643E+03
  20  18  18  17  7.43713634E+02
  21  18  18  17  2.05885488E+02
  22  18  18  17  7.61268516E+01
  23  18  18  17  3.39426890E+01
  24  18  18  17  1.72689292E+01
  25  18  18  17  9.69182264E+00
  26  18  18  17  5.86727302E+00
  27  18  18  17  3.77185731E+00
  28  18  18  17  2.54573605E+00
  29  18  18  17  1.78853852E+00
  30  18  18  17  1.29944017E+00
  19  17  19  18  1.20285272E-23
  20  18  19  17  3.17175751E+03
  21  18  19  17  9.25030600E+02
  22  18  19  17  3.46701437E+02
  23  18  19  17  1.55434411E+02
  24  18  19  17  7.92984532E+01
  25  18  19  17  4.45750703E+01
  26  18  19  17  2.70118071E+01
  27  18  19  17  1.73764279E+01
  28  18  19  17  1.17333132E+01
  29  18  19  17  8.24618185E+00
  30  18  19  17  5.99268836E+00
  20  17  19  18  1.32120813E+00
  20  17  20  18  9.22220215E-24
  21  18  20  17  2.25415646E+03
  22  18  20  17  8.89870550E+02
  23  18  20  17  4.04351754E+02
  24  18  20  17  2.07411184E+02
  25  18  20  17  1.16906677E+02
  26  18  20  17  7.09536875E+01
  27  18  20  17  4.56880601E+01
  28  18  20  17  3.08704624E+01
  29  18  20  17  2.17055767E+01
  30  18  20  17  1.57791088E+01
  21  17  19  18  2.75952105E-01
  21  17  20  18  2.83986201E+00
  21  18  21  17  1.08237714E-24
  22  18  21  17  1.63420884E+03
  23  18  21  17  7.81912119E+02
  24  18  21  17  4.06454701E+02
  25  18  21  17  2.30324469E+02
  26  18  21  17  1.40162920E+02
  27  18  21  17  9.03897609E+01
  28  18  21  17  6.11320488E+01
  29  18  21  17  4.30099081E+01
  30  18  21  17  3.12801321E+01
  22  17  19  18  8.30053117E-02
  22  17  20  18  7.34384859E-01
  22  17  21  18  4.13434001E+00
  22  18  22  17  1.32783400E-24
  23  18  22  17  1.20601561E+03
  24  18  22  17  6.59893668E+02
  25  18  22  17  3.78889713E+02
  26  18  22  17  2.31785628E+02
  27  18  22  17  1.49866400E+02
  28  18  22  17  1.01506657E+02
  29  18  22  17  7.14809576E+01
  30  18  22  17  5.20177873E+01
  23  17  19  18  3.17448942E-02
  23  17  20  18  2.55147373E-01
  23  17  21  18  1.24768497E+00
  23  17  22  18  5.08813112E+00
  23  18  23  17  8.18335383E-25
  24  18  23  17  9.04355230E+02
  25  18  23  17  5.46353190E+02
  26  18  23  17  3.38593669E+02
  27  18  23  17  2.20055585E+02
  28  18  23  17  1.49425856E+02
  29  18  23  17  1.05376182E+02
  30  18  23  17  7.67513387E+01
  24  17  19  18  1.43453681E-02
  24  17  20  18  1.08263116E-01
  24  17  21  18  4.83431116E-01
  24  17  22  18  1.72832274E+00
  24  17  23  18  5.70977062E+00
  24  18  24  17  6.59978382E-24
  25  18  24  17  6.88011514E+02
  26  18  24  17  4.48445605E+02
  27  18  24  17  2.95194728E+02
  28  18  24  17  2.01460096E+02
  29  18  24  17  1.42422292E+02
  30  18  24  17  1.03877411E+02
  25  17  19  18  7.32538981E-03
  25  17  20  18  5.29048605E-02
  25  17  21  18  2.22481696E-01
  25  17  22  18  7.29722421E-01
  25  17  23  18  2.13101555E+00
  25  17  24  18  6.05197754E+00
  25  18  25  17  6.80133226E-25
  26  18  25  17  5.30326965E+02
  27  18  25  17  3.66988598E+02
  28  18  25  17  2.53621601E+02
  29  18  25  17  1.80181516E+02
  30  18  25  17  1.31732436E+02
  26  17  19  18  4.10565893E-03
  26  17  20  18  2.87090170E-02
  26  17  21  18  1.15752676E-01
  26  17  22  18  3.58530746E-01
  26  17  23  18  9.64666484E-01
  26  17  24  18  2.43987761E+00
  26  17  25  18  6.17654007E+00
  26  18  26  17  5.79524924E-23
  27  18  26  17  4.13694120E+02
  28  18  26  17  3.00410798E+02
  29  18  26  17  2.16071038E+02
  30  18  26  17  1.58730208E+02
  27  17  19  18  2.47547178E-03
  27  17  20  18  1.68883902E-02
  27  17  21  18  6.60120520E-02
  27  17  22  18  1.96377403E-01
  27  17  23  18  5.00225810E-01
  27  17  24  18  1.17020937E+00
  27  17  25  18  2.65618836E+00
  27  17  26  18  6.14024976E+00
  27  18  27  17  5.19391938E-25
  28  18  27  17  3.26258564E+02
  29  18  27  17  2.46451498E+02
  30  18  27  17  1.83253366E+02
  28  17  19  18  1.58271730E-03
  28  17  20  18  1.05905231E-02
  28  17  21  18  4.04237819E-02
  28  17  22  18  1.16719695E-01
  28  17  23  18  2.86019764E-01
  28  17  24  18  6.34924797E-01
  28  17  25  18  1.33771606E+00
  28  17  26  18  2.78982690E+00
  28  17  27  18  5.99033542E+00
  28  18  28  17  3.26724682E-23
  29  18  28  17  2.59898447E+02
  30  18  28  17  2.02859063E+02
  29  17  19  18  1.06165169E-03
  29  17  20  18  6.99391076E-03
  29  17  21  18  2.62004414E-02
  29  17  22  18  7.39381905E-02
  29  17  23  18  1.76052773E-01
  29  17  24  18  3.76531403E-01
  29  17  25  18  7.54390588E-01
  29  17  26  18  1.46510260E+00
  29  17  27  18  2.85403020E+00
  29  17  28  18  5.76398784E+00
  29  17  29  18  1.44234767E-24
  30  18  29  17  2.08959372E+02
  30  17  19  18  7.41078941E-04
  30  17  20  18  4.81992469E-03
  30  17  21  18  1.77855495E-02
  30  17  22  18  4.92911228E-02
  30  17  23  18  1.14800269E-01
  30  17  24  18  2.38822903E-01
  30  17  25  18  4.61646566E-01
  30  17  26  18  8.54260588E-01
  30  17  27  18  1.55429722E+00
  30  17  28  18  2.86245148E+00
  30  17  29  18  5.48948880E+00
  30  18  30  17  7.48347158E-24
  20  19  19  18  3.52185798E+03
  21  19  19  18  5.52053516E+02
  22  19  19  18  1.47697236E+02
  23  19  19  18  5.29870858E+01
  24  19  19  18  2.29998609E+01
  25  19  19  18  1.14246944E+01
  26  19  19  18  6.27575880E+00
  27  19  19  18  3.72663345E+00
  28  19  19  18  2.35435986E+00
  29  19  19  18  1.56417077E+00
  30  19  19  18  1.08330804E+00
  20  18  20  19  1.66890615E-24
  21  19  20  18  2.49198117E+03
  22  19  20  18  7.02379340E+02
  23  19  20  18  2.55420934E+02
  24  19  20  18  1.11479376E+02
  25  19  20  18  5.55280005E+01
  26  19  20  18  3.05506700E+01
  27  19  20  18  1.81594104E+01
  28  19  20  18  1.14800993E+01
  29  19  20  18  7.63060267E+00
  30  19  20  18  5.28656769E+00
  21  18  20  19  9.28179053E-01
  21  18  21  19  6.16915363E-24
  22  19  21  18  1.79940479E+03
  23  19  21  18  6.89231744E+02
  24  19  21  18  3.04893626E+02
  25  19  21  18  1.52694533E+02
  26  19  21  18  8.42390563E+01
  27  19  21  18  5.01498380E+01
  28  19  21  18  3.17347445E+01
  29  19  21  18  2.11071191E+01
  30  19  21  18  1.46298624E+01
  22  18  20  19  1.86745622E-01
  22  18  21  19  2.02703814E+00
  22  18  22  19  1.28112829E-23
  23  19  22  18  1.32307185E+03
  24  19  22  18  6.16316781E+02
  25  19  22  18  3.12802292E+02
  26  19  22  18  1.73494687E+02
  27  19  22  18  1.03562650E+02
  28  19  22  18  6.56340821E+01
  29  19  22  18  4.36952706E+01
  30  19  22  18  3.03052874E+01
  23  18  20  19  5.43427070E-02
  23  18  21  19  5.06361547E-01
  23  18  22  19  2.99400617E+00
  23  18  23  19  6.35707780E-26
  24  19  23  18  9.88799286E+02
  25  19  23  18  5.28291139E+02
  26  19  23  18  2.96903959E+02
  27  19  23  18  1.78165069E+02
  28  19  23  18  1.13210387E+02
  29  19  23  18  7.54806860E+01
  30  19  23  18  5.23985199E+01
  24  18  20  19  2.01797958E-02
  24  18  21  19  1.70665013E-01
  24  18  22  19  8.74911163E-01
  24  18  23  19  3.73377451E+00
  24  18  24  19  6.24799142E-29
  25  19  24  18  7.49923342E+02
  26  19  24  18  4.43507892E+02
  27  19  24  18  2.69625876E+02
  28  19  24  18  1.72216123E+02
  29  19  24  18  1.15115740E+02
  30  19  24  18  8.00284548E+01
  25  18  20  19  8.88231638E-03
  25  18  21  19  7.04919426E-02
  25  18  22  19  3.29632392E-01
  25  18  23  19  1.23062629E+00
  25  18  24  19  4.24113516E+00
  25  18  25  19  4.34038129E-24
  26  19  25  18  5.76390851E+02
  27  19  25  18  3.68592606E+02
  28  19  25  18  2.38469514E+02
  29  19  25  18  1.60212867E+02
  30  19  25  18  1.11658070E+02
  26  18  20  19  4.42991254E-03
  26  18  21  19  3.36286060E-02
  26  18  22  19  1.47990133E-01
  26  18  23  19  5.06257850E-01
  26  18  24  19  1.53867253E+00
  26  18  25  19  4.54592243E+00
  26  19  26  18  1.24840669E-23
  27  19  26  18  4.48429044E+02
  28  19  26  18  3.05045840E+02
  29  19  26  18  2.07548060E+02
  30  19  26  18  1.45367383E+02
  27  18  20  19  2.43063755E-03
  27  18  21  19  1.78588194E-02
  27  18  22  19  7.53124953E-02
  27  18  23  19  2.43103446E-01
  27  18  24  19  6.79843603E-01
  27  18  25  19  1.78434892E+00
  27  18  26  19  4.68777675E+00
  27  19  27  18  1.28569515E-23
  28  19  27  18  3.52773964E+02
  29  19  27  18  2.52256237E+02
  30  19  27  18  1.78891619E+02
  28  18  20  19  1.43767524E-03
  28  18  21  19  1.03030420E-02
  28  18  22  19  4.21048581E-02
  28  18  23  19  1.30461554E-01
  28  18  24  19  3.45103131E-01
  28  18  25  19  8.36587238E-01
  28  18  26  19  1.96553147E+00
  28  18  27  19  4.70523354E+00
  28  19  28  18  2.70180822E-24
  29  19  28  18  2.80368656E+02
  30  19  28  18  2.08866772E+02
  29  18  20  19  9.03345467E-04
  29  18  21  19  6.34804786E-03
  29  18  22  19  2.53254522E-02
  29  18  23  19  7.61308753E-02
  29  18  24  19  1.93615371E-01
  29  18  25  19  4.44970853E-01
  29  18  26  19  9.68960206E-01
  29  18  27  19  2.08698310E+00
  29  18  28  19  4.63159561E+00
  29  19  29  18  3.76113204E-25
  30  19  29  18  2.24927551E+02
  30  18  20  19  5.96442472E-04
  30  18  21  19  4.12564603E-03
  30  18  22  19  1.61498492E-02
  30  18  23  19  4.74329032E-02
  30  18  24  19  1.17160821E-01
  30  18  25  19  2.59254177E-01
  30  18  26  19  5.36337479E-01
  30  18  27  19  1.07410670E+00
  30  18  28  19  2.15663660E+00
  30  18  29  19  4.49394444E+00
  30  19  30  18  9.92401529E-23
  21  20  20  19  2.75265647E+03
  22  20  20  19  4.15614155E+02
  23  20  20  19  1.07565990E+02
  24  20  20  19  3.74676863E+01
  25  20  20  19  1.58402512E+01
  26  20  20  19  7.68441625E+00
  27  20  20  19  4.13224331E+00
  28  20  20  19  2.40703818E+00
  29  20  20  19  1.49440639E+00
  30  20  20  19  9.77234433E-01
  21  19  21  20  3.00714631E-25
  22  20  21  19  1.97971793E+03
  23  20  21  19  5.39788306E+02
  24  20  21  19  1.90586530E+02
  25  20  21  19  8.10177192E+01
  26  20  21  19  3.94118408E+01
  27  20  21  19  2.12269973E+01
  28  20  21  19  1.23770187E+01
  29  20  21  19  7.68934541E+00
  30  20  21  19  5.03061608E+00
  22  19  21  20  6.63233298E-01
  22  19  22  20  2.56784085E-30
  23  20  22  19  1.45035378E+03
  24  20  22  19  5.39388401E+02
  25  20  22  19  2.32400991E+02
  26  20  22  19  1.13669608E+02
  27  20  22  19  6.13887533E+01
  28  20  22  19  3.58502522E+01
  29  20  22  19  2.22939862E+01
  30  20  22  19  1.45948869E+01
  23  19  21  20  1.28702342E-01
  23  19  22  20  1.46950677E+00
  23  19  23  20  3.50688888E-24
  24  20  23  19  1.08029995E+03
  25  20  23  19  4.90157070E+02
  26  20  23  19  2.42963280E+02
  27  20  23  19  1.31921658E+02
  28  20  23  19  7.72473350E+01
  29  20  23  19  4.81107286E+01
  30  20  23  19  3.15259042E+01
  24  19  21  20  3.62659564E-02
  24  19  22  20  3.54978857E-01
  24  19  23  20  2.19935843E+00
  24  19  24  20  1.32257552E-23
  25  20  24  19  8.16793651E+02
  26  20  24  19  4.26231259E+02
  27  20  24  19  2.34509616E+02
  28  20  24  19  1.38046530E+02
  29  20  24  19  8.62038036E+01
  30  20  24  19  5.65718081E+01
  25  19  21  20  1.30850241E-02
  25  19  22  20  1.16152607E-01
  25  19  23  20  6.22892231E-01
  25  19  24  20  2.77621852E+00
  25  19  25  20  9.86262938E-24
  26  20  25  19  6.25996593E+02
  27  20  25  19  3.62468050E+02
  28  20  25  19  2.16175969E+02
  29  20  25  19  1.35696284E+02
  30  20  25  19  8.92812324E+01
  26  19  21  20  5.61255905E-03
  26  19  22  20  4.67259470E-02
  26  19  23  20  2.28340441E-01
  26  19  24  20  8.88553694E-01
  26  19  25  20  3.18886759E+00
  26  19  26  20  3.90749271E-30
  27  20  26  19  4.85732098E+02
  28  20  26  19  3.04759468E+02
  29  20  26  19  1.93783637E+02
  30  20  26  19  1.28152588E+02
  27  19  21  20  2.73474096E-03
  27  19  22  20  2.17688896E-02
  27  19  23  20  1.00048237E-01
  27  19  24  20  3.56339745E-01
  27  19  25  20  1.12536872E+00
  27  19  26  20  3.45350629E+00
  27  20  27  19  7.34519668E-24
  28  20  27  19  3.81177166E+02
  29  20  27  19  2.54881407E+02
  30  20  27  19  1.70713993E+02
  28  19  21  20  1.46925223E-03
  28  19  22  20  1.13161441E-02
  28  19  23  20  4.98146487E-02
  28  19  24  20  1.67293029E-01
  28  19  25  20  4.85530552E-01
  28  19  26  20  1.32059059E+00
  28  19  27  20  3.59555052E+00
  28  19  28  20  1.27973347E-23
  29  20  28  19  3.02244168E+02
  30  20  28  19  2.12794233E+02
  29  19  21  20  8.52593512E-04
  29  19  22  20  6.40334022E-03
  29  19  23  20  2.73062396E-02
  29  19  24  20  8.79796757E-02
  29  19  25  20  2.41335608E-01
  29  19  26  20  6.05473479E-01
  29  19  27  20  1.47065929E+00
  29  19  28  20  3.64125340E+00
  29  20  29  19  3.72331402E-24
  30  20  29  19  2.41954069E+02
  30  19  21  20  5.26488750E-04
  30  19  22  20  3.87654178E-03
  30  19  23  20  1.61334415E-02
  30  19  24  20  5.04115007E-02
  30  19  25  20  1.32873072E-01
  30  19  26  20  3.15769204E-01
  30  19  27  20  7.09896126E-01
  30  19  28  20  1.57741436E+00
  30  19  29  20  3.61420366E+00
  30  20  30  19  2.26374317E-24
  22  21  21  20  2.17651195E+03
  23  21  21  20  3.16940180E+02
  24  21  21  20  7.94258270E+01
  25  21  21  20  2.68796147E+01
  26  21  21  20  1.10735379E+01
  27  21  21  20  5.24812844E+00
  28  21  21  20  2.76324156E+00
  29  21  21  20  1.57908768E+00
  30  21  21  20  9.63455961E-01
  22  20  22  21  4.92509421E-26
  23  21  22  20  1.58874193E+03
  24  21  22  20  4.19443118E+02
  25  21  22  20  1.43886814E+02
  26  21  22  20  5.96028169E+01
  27  21  22  20  2.83258236E+01
  28  21  22  20  1.49376951E+01
  29  21  22  20  8.54478585E+00
  30  21  22  20  5.21692043E+00
  23  20  22  21  4.81279382E-01
  23  20  23  21  5.30881610E-26
  24  21  23  20  1.17943859E+03
  25  21  23  20  4.26175553E+02
  26  21  23  20  1.78931150E+02
  27  21  23  20  8.54994228E+01
  28  21  23  20  4.52114019E+01
  29  21  23  20  2.59025348E+01
  30  21  23  20  1.58298954E+01
  24  20  22  21  9.01846726E-02
  24  20  23  21  1.08051517E+00
  24  21  24  20  1.51028459E-26
  25  21  24  20  8.89014119E+02
  26  21  24  20  3.93075118E+02
  27  21  24  20  1.90352645E+02
  28  21  24  20  1.01199623E+02
  29  21  24  20  5.81352949E+01
  30  21  24  20  3.55828241E+01
  25  20  22  21  2.46294285E-02
  25  20  23  21  2.52656647E-01
  25  20  24  21  1.63685295E+00
  25  20  25  21  5.17444796E-25
  26  21  25  20  6.79412967E+02
  27  21  25  20  3.46393456E+02
  28  21  25  20  1.86612768E+02
  29  21  25  20  1.07772171E+02
  30  21  25  20  6.61384754E+01
  26  20  22  21  8.64006685E-03
  26  20  23  21  8.03187687E-02
  26  20  24  21  4.49684755E-01
  26  20  25  21  2.08932786E+00
  26  20  26  21  1.65963768E-23
  27  21  26  20  5.25790856E+02
  28  21  26  20  2.98128127E+02
  29  21  26  20  1.74444796E+02
  30  21  26  20  1.07615492E+02
  27  20  22  21  3.61317653E-03
  27  20  23  21  3.14853668E-02
  27  20  24  21  1.60488809E-01
  27  20  25  21  6.49854138E-01
  27  20  26  21  2.42472653E+00
  27  21  27  20  7.29144712E-24
  28  21  27  20  4.11601110E+02
  29  21  27  20  2.53397031E+02
  30  21  27  20  1.58358056E+02
  28  20  22  21  1.72058771E-03
  28  20  23  21  1.43303112E-02
  28  20  24  21  6.86559403E-02
  28  20  25  21  2.54185804E-01
  28  20  26  21  8.32919724E-01
  28  20  27  21  2.65115820E+00
  28  20  28  21  1.15476841E-23
  29  21  28  20  3.25620548E+02
  30  21  28  20  2.14023073E+02
  29  20  22  21  9.05331646E-04
  29  20  23  21  7.29360958E-03
  29  20  24  21  3.34550907E-02
  29  20  25  21  1.16709470E-01
  29  20  26  21  3.51051616E-01
  29  20  27  21  9.88207895E-01
  29  20  28  21  2.78484364E+00
  29  21  29  20  1.29362417E-23
  30  21  29  20  2.60108536E+02
  30  20  22  21  5.15481914E-04
  30  20  23  21  4.04865017E-03
  30  20  24  21  1.79838684E-02
  30  20  25  21  6.01615126E-02
  30  20  26  21  1.70907141E-01
  30  20  27  21  4.43231267E-01
  30  20  28  21  1.11175512E+00
  30  20  29  21  2.84372265E+00
  30  20  30  21  1.04841657E-23
  23  22  22  21  1.73919139E+03
  24  22  22  21  2.44544889E+02
  25  22  22  21  5.93926573E+01
  26  22  22  21  1.95417340E+01
  27  22  22  21  7.84864767E+00
  28  22  22  21  3.63520783E+00
  29  22  22  21  1.87447579E+00
  30  22  22  21  1.05102799E+00
  23  22  23  21  9.46044100E-28
  24  22  23  21  1.28684346E+03
  25  22  23  21  3.29256956E+02
  26  22  23  21  1.09812494E+02
  27  22  23  21  4.43471566E+01
  28  22  23  21  2.05967054E+01
  29  22  23  21  1.06373846E+01
  30  22  23  21  5.97034420E+00
  24  21  23  22  3.54190068E-01
  24  21  24  22  8.08093476E-25
  25  22  24  21  9.67006559E+02
  26  22  24  21  3.39716837E+02
  27  22  24  21  1.39054618E+02
  28  22  24  21  6.49352384E+01
  29  22  24  21  3.36280970E+01
  30  22  24  21  1.89035849E+01
  25  21  23  22  6.41611043E-02
  25  21  24  22  8.04859447E-01
  25  21  25  22  4.76232546E-25
  26  22  25  21  7.36928509E+02
  27  22  25  21  3.17670098E+02
  28  22  25  21  1.50343189E+02
  29  22  25  21  7.82788583E+01
  30  22  25  21  4.41220290E+01
  26  21  23  22  1.69970349E-02
  26  21  24  22  1.82349137E-01
  26  21  25  22  1.23291081E+00
  26  21  26  22  1.37679687E-24
  27  22  26  21  5.68806070E+02
  28  22  26  21  2.83430239E+02
  29  22  26  21  1.49544003E+02
  30  22  26  21  8.47403416E+01
  27  21  23  22  5.80101000E-03
  27  21  24  22  5.63581655E-02
  27  21  25  22  3.28829685E-01
  27  21  26  22  1.58998863E+00
  27  22  27  21  2.84619245E-23
  28  22  27  21  4.44187672E+02
  29  22  27  21  2.46683062E+02
  30  22  27  21  1.41633331E+02
  28  21  23  22  2.36629866E-03
  28  21  24  22  2.15395932E-02
  28  21  25  22  1.14322240E-01
  28  21  26  22  4.80946797E-01
  28  21  27  22  1.86290320E+00
  28  22  28  21  3.13199874E-26
  29  22  28  21  3.50599511E+02
  30  22  28  21  2.11811357E+02
  29  21  23  22  1.10164138E-03
  29  21  24  22  9.58112338E-03
  29  21  25  22  4.77699004E-02
  29  21  26  22  1.83571180E-01
  29  21  27  22  6.23289029E-01
  29  21  28  22  2.05500935E+00
  29  22  29  21  6.46709360E-27
  30  22  29  21  2.79464852E+02
  30  21  23  22  5.67840745E-04
  30  21  24  22  4.77574802E-03
  30  21  25  22  2.27878906E-02
  30  21  26  22  8.24611401E-02
  30  21  27  22  2.56737404E-01
  30  21  28  22  7.47098386E-01
  30  21  29  22  2.17655740E+00
  30  21  30  22  1.17439306E-23
  24  23  23  22  1.40319372E+03
  25  23  23  22  1.90726497E+02
  26  23  23  22  4.49312399E+01
  27  23  23  22  1.43823744E+01
  28  23  23  22  5.63431200E+00
  29  23  23  22  2.55119416E+00
  30  23  23  22  1.28865066E+00
  24  23  24  22  1.69312284E-27
  25  23  24  22  1.05122542E+03
  26  23  24  22  2.60896425E+02
  27  23  24  22  8.46518789E+01
  28  23  24  22  3.33448735E+01
  29  23  24  22  1.51401142E+01
  30  23  24  22  7.65962065E+00
  25  22  24  23  2.64040044E-01
  25  22  25  23  9.38910642E-26
  26  23  25  22  7.98853092E+02
  27  23  25  22  2.73030516E+02
  28  23  25  22  1.09008492E+02
  29  23  25  22  4.97650979E+01
  30  23  25  22  2.52457705E+01
  26  22  24  23  4.62873855E-02
  26  22  25  23  6.06712282E-01
  26  22  26  23  5.25659918E-24
  27  23  26  22  6.14992693E+02
  28  23  26  22  2.58591009E+02
  29  23  26  22  1.19645356E+02
  30  23  26  22  6.10241403E+01
  27  22  24  23  1.19041640E-02
  27  22  25  23  1.33304343E-01
  27  22  26  23  9.38975889E-01
  27  22  27  23  6.26046422E-25
  28  23  27  22  4.79088348E+02
  29  23  27  22  2.33395349E+02
  30  23  27  22  1.20633921E+02
  28  22  24  23  3.95521355E-03
  28  22  25  23  4.00830336E-02
  28  22  26  23  2.43320048E-01
  28  22  27  23  1.22250344E+00
  28  23  28  22  1.93330949E-23
  29  23  28  22  3.77289380E+02
  30  23  28  22  2.05272154E+02
  29  22  24  23  1.57447528E-03
  29  22  25  23  1.49435222E-02
  29  22  26  23  8.24537825E-02
  29  22  27  23  3.59871900E-01
  29  22  28  23  1.44507182E+00
  29  22  29  23  1.73607517E-24
  30  23  29  22  3.00101525E+02
  30  22  24  23  7.16872200E-04
  30  22  25  23  6.49874455E-03
  30  22  26  23  3.36671057E-02
  30  22  27  23  1.34103931E-01
  30  22  28  23  4.71209390E-01
  30  22  29  23  1.60729668E+00
  30  23  30  22  1.21308770E-23
  25  24  24  23  1.14216042E+03
  26  24  24  23  1.50231892E+02
  27  24  24  23  3.43573787E+01
  28  24  24  23  1.07060462E+01
  29  24  24  23  4.09285706E+00
  30  24  24  23  1.81239165E+00
  25  23  25  24  3.67696342E-26
  26  24  25  23  8.65519603E+02
  27  24  25  23  2.08530488E+02
  28  24  25  23  6.58665285E+01
  29  24  25  23  2.53188691E+01
  30  24  25  23  1.12426097E+01
  26  23  25  24  1.99180076E-01
  26  23  26  24  1.00887000E-25
  27  24  26  23  6.64580983E+02
  28  24  26  23  2.21117610E+02
  29  24  26  23  8.61512472E+01
  30  24  26  23  3.84636138E+01
  27  23  25  24  3.38242493E-02
  27  23  26  24  4.62398195E-01
  27  23  27  24  3.66270784E-24
  28  24  27  23  5.16464972E+02
  29  24  27  23  2.11925828E+02
  30  24  27  23  9.58948368E+01
  28  23  25  24  8.45160543E-03
  28  23  26  24  9.86120558E-02
  28  23  27  24  7.22464579E-01
  28  24  28  23  3.97391251E-23
  29  24  28  23  4.05805578E+02
  30  24  28  23  1.93348570E+02
  29  23  25  24  2.73537141E-03
  29  23  26  24  2.88665663E-02
  29  23  27  24  1.82033671E-01
  29  23  28  24  9.48963320E-01
  29  23  29  24  1.70011221E-23
  30  24  29  23  3.22102003E+02
  30  23  25  24  1.06313072E-03
  30  23  26  24  1.05030810E-02
  30  23  27  24  6.01591390E-02
  30  23  28  24  2.72038375E-01
  30  23  29  24  1.13100756E+00
  30  24  30  23  6.04958533E-24
  26  25  25  24  9.37285736E+02
  27  25  25  24  1.19421445E+02
  28  25  25  24  2.65339741E+01
  29  25  25  24  8.05387939E+00
  30  25  25  24  3.00604539E+00
  26  24  26  25  4.70994024E-25
  27  25  26  24  7.17817647E+02
  28  25  26  24  1.68023019E+02
  29  25  26  24  5.16960720E+01
  30  25  26  24  1.94012603E+01
  27  24  26  25  1.51902760E-01
  27  24  27  25  3.05859439E-24
  28  25  27  24  5.56490462E+02
  29  25  27  24  1.80356035E+02
  30  25  27  24  6.86062335E+01
  28  24  26  25  2.50118467E-02
  28  24  27  25  3.56010196E-01
  28  25  28  24  1.15958898E-24
  29  25  28  24  4.36271135E+02
  30  25  28  24  1.74784741E+02
  29  24  26  25  6.07653969E-03
  29  24  27  25  7.37538687E-02
  29  24  28  25  5.61172130E-01
  29  25  29  24  7.27762125E-24
  30  25  29  24  3.45555010E+02
  30  24  26  25  1.91688604E-03
  30  24  27  25  2.10317281E-02
  30  24  28  25  1.37579863E-01
  30  24  29  25  7.43191946E-01
  30  25  30  24  1.83843874E-28
  27  26  26  25  7.74967069E+02
  28  26  26  25  9.57367176E+01
  29  26  26  25  2.06817394E+01
  30  26  26  25  6.11845687E+00
  27  25  27  26  1.53441787E-24
  28  26  27  25  5.99349639E+02
  29  26  27  25  1.36402837E+02
  30  26  27  25  4.09038306E+01
  28  25  27  26  1.17023974E-01
  28  25  28  26  5.28862628E-24
  29  26  28  25  4.68817219E+02
  30  26  28  25  1.48092121E+02
  29  25  27  26  1.86999036E-02
  29  25  28  26  2.76695997E-01
  29  26  29  25  6.78316148E-23
  30  26  29  25  3.70554922E+02
  30  25  27  26  4.42038470E-03
  30  25  28  26  5.57277912E-02
  30  25  29  26  4.39749374E-01
  30  25  30  26  2.33558592E-23
  28  27  27  26  6.45240081E+02
  29  27  27  26  7.73551193E+01
  30  27  27  26  1.62591596E+01
  28  26  28  27  4.42188837E-24
  29  27  28  26  5.03583690E+02
  30  27  28  26  1.11510393E+02
  29  26  28  27  9.10033486E-02
  29  27  29  26  6.49558428E-25
  30  27  29  26  3.97202154E+02
  30  26  28  27  1.41244837E-02
  30  26  29  27  2.16946279E-01
  30  27  30  26  1.45629756E-24
  29  28  28  27  5.40719708E+02
  30  28  28  27  6.29620999E+01
  29  27  29  28  4.46494967E-24
  30  28  29  27  4.25603556E+02
  30  27  29  28  7.13888151E-02
  30  28  30  27  7.38145302E-23
  30  29  29  28  4.55872819E+02
  30  29  30  28  2.42453634E-27
